c,c
CA,CA
cab,タクシー
cabal,徒党
caballero,カバレロ
cabana,カバナ
cabaret,キャバレー
cabbage,キャベツ
cabbie,タクシー運転手
cabby,タクシー運転手
Cabernet,カベルネ
cabin,キャビン
cabinet,キャビネット
cable,ケーブル
cacao,カカオ
cache,貯蔵所
cachet,名声
cackle,おしゃべり
CaCl,塩
CaCO,炭酸カルシウム
cacodylate,カコジル酸塩
cacophonous,耳障りな
cacophony,耳障りな音
cactus,サボテン
cad,下劣な男
cadaver,死体
caddie,キャディー
caddy,キャディー
cadence,ケイデンス
cadet,士官候補生
Cadillac,キャデラック
cadmium,カドミウム
cadre,幹部
caenorhabditis,線虫
Caesar,シーザー
cafe,カフェ
cafeteria,カフェテリア
caffeine,カフェイン
caftan,カフタン
CAG,CAG
cage,ケージ
caged,かごに入れられた
cagey,用心深い　
cagily,慎重に
cahoots,共謀
caiman,カイマン
Cain,カイン
cairn,ケルン
Cairo,カイロ
cajole,なだめる
Cajun,ケイジャン
cake,ケーキ
cakewalk,簡単なこと
cal,CAL
calabash,ヒョウタン
calamitous,悲惨な
calamity,災??難
calbindin,カルビンジン
calcareous,石灰質の
calcineurin,カルシニューリン
calcium,カルシウム
calculate,計算する
calculation,計算
calculator,電卓
calculus,微積分学
Calcutta,カルカッタ
caldera,カルデラ
calendar,カレンダー
calf,幼獣
Calgary,カルガリー
caliber,口径
calibrate,調整する
calibration,目盛り測定
calibrator,校正器
calibre,口径
calico,更紗
Calif,カリフォルニア州
California,カリフォルニア州
Californian,カリフォルニアの
caliper,キャリパー
Caliph,カリフ
Caliphate,カリフの地位
call,コー??ル
calla,カラ
Calle,カーレ(ベニス)
called,と呼ばれる
caller,呼び出し側
calligrapher,書道家
calligraphic,能書の
calligraphy,書道
calling,呼び出し
calliphora,calliphora
callosum,脳梁
callous,冷淡な
callously,無情に
callow,キャロウ
callus,カルス
calm,穏やかな
calmer,穏やか
calming,心を落ち着かせる
calmly,静かに
calmness,静けさ
calmodulin,カルモジュリン
caloric,カロリーの
calorie,カロリー
Caltech,カリフォルニア工科大学
calumny,中傷
Calvin,カルバン
calypso,カリプソ
calyx,花の萼(ガク)
cam,カム
camaraderie,仲間意識
Cambodia,カンボジア
Cambodian,カンボジアの
Cambridge,ケンブリッジ
camcorder,ビデオカメラ
camel,ラクダ
camellia,ツバキ
cameo,カメオ
camera,カメラ
cameraman,カメラマン
Cameron,キャメロン
Cameroon,カメルーン
Camii,ジャミイ
CaMKII,CaMKIIの
camouflage,カモフラージュ
camp,キャンプ
campaign,キャンペーン
campaigner,運動家
campaigning,キャンペーン
campanile,鐘楼
Campbell,キャンベル
camper,キャンピングカー
campfire,キャンプファイア
campground,キャンプ場
camphor,樟脳
camping,キャンプ
campsite,キャンプ場
camptothecin,カンプトテシン
campus,キャンパス
campy,同性愛の
can,缶
Canaan,カナン
Canada,カナダ
Canadian,カナダの
canal,運河
canalyze,canalyze
canard,カナード
Canaria,カナリア
Canarian,カナリア諸島
Canary,カナリア島
Canberra,キャンベラ
cancel,キャンセル
cancellation,キャンセル
cancelled,キャンセル
cancer,癌
cancerous,がん(性)の
cand,CAND
candelabrum,枝付き燭台
candid,率直な
candida,カンジダ
candidacy,立候補
candidate,候補者
Candide,キャンディード
candidiasis,カンジダ症
candidly,率直に
candied,砂糖漬けの
candle,キャンドル
candlelight,キャンドルライト
candlestick,燭台
candor,率直
candy,キャンディ
cane,杖
canine,イヌ
canister,キャニスター
canna,カンナ
cannabinoid,カンナビノイド
cannabis,大麻
canned,缶詰
cannery,缶詰工場
cannibal,人食い人種
cannibalism,共食い
cannibalize,流用する
canning,缶詰
cannon,大砲
cannonball,砲弾
cannot,できない
cannula,カニューレ
canny,抜け目のない
canoe,カヌー
canon,カノン
canonical,標準的な
canonization,列聖
canonize,canonize
canonized,列聖
canopy,キャノピー
cant,傾斜
cantaloupe,マスクメロン
cantankerous,気難しい　
cantata,カンタータ
canteen,水筒
canter,キャンター
Canterbury,カンタベリー
canto,カント
canton,カントン
Cantonese,広東語
cantor,カントール
canvas,キャンバス
canvass,キャンバス
canyon,峡谷
cap,キャップ
capability,能力
capable,できる
capacious,容量が大きい　
capacitance,キャパシタンス
capacitor,コンデンサ
capacity,容量
cape,岬
Capella,カペラ
caper,ケイパー
capillary,毛細血管
capita,頭割り
capital,首都
capitalism,資本主義
capitalist,資本家
capitalistic,資本主義的な
capitalization,資本化
capitalize,利用する
Capitol,キャピトル
capitulate,降伏する
capitulation,降伏
capitulum,小頭
Capone,カポネ
capote,カポーティ
cappuccino,カプチーノ
caprice,気まぐれ
capricious,気まぐれな
Capricorn,山羊座
capsaicin,カプサイシン
capsid,カプシド
capstan,キャプスタン
capsular,カプセルに入った
capsule,カプセル
captain,キャプテン
caption,キャプション
captivate,魅了する
captivated,魅了
captivating,魅惑的な
captive,キャプティブ
captivity,監禁
captor,逮捕者
capture,キャプチャー
capuchin,オマキザル
caput,頭
Caputo,カプト
capybara,カピバラ
car,車
carafe,カラフ
caramel,カラメル
carat,カラット
caravan,キャラバン
caravel,カラベル
carb,炭水化物
carbenoxolone,カルベノキソロン
carbide,カーバイド
carbine,カービン
carbocation,カルボカチオン
carbohydrate,炭水化物
carbon,カーボン
carbonate,炭酸塩
carbonic,炭素の
carbonyl,カルボニル
carboxyl,カルボキシル
carboxylate,カルボン酸塩
carboy,カーボイ
carburetor,キャブレター
carcass,カーカス
carcinogen,発癌物質
carcinogenesis,発癌
carcinogenic,発癌性の
carcinoma,癌腫
card,カード
cardamom,カルダモン
cardboard,段ボール
carded,カード認証を求めらた
cardiac,心臓の
Cardiff,カーディフ
cardigan,カーディガン
cardinal,深紅色の
cardio,カーディオ
cardiologist,cardiologist
cardiology,心臓病学
cardiomyopathy,心筋症
cardiorespiratory,心肺の
cardiovascular,心臓血管の
care,ケア
careen,傾く
career,キャリア
careerist,出世第一主義者
carefree,気楽な
careful,注意深い
carefully,慎重に
caregiver,介護人
careless,不注意な
carelessly,うっかり
carelessness,不注意
caress,愛撫
caretaker,世話人
Carey,キャリー
cargo,貨物
Carib,カリブ族
Caribbean,カリブ海
caribou,カリブー
caricature,戯画
caries,虫歯
carillon,カリヨン
caring,思いやり
Carl,カール
Carlos,カルロス
Carlsbad,カールズバッド
Carlson,カールソン
carmaker,自動車メーカー
carmine,カーマイン
carnage,大虐殺
carnal,肉欲の
carnation,カーネーション
Carnegie,カーネギー
carney,カーニー
carnival,カーニバル
carnivore,肉食動物
carnivorous,肉食の
carol,キャロル
Carolina,カロライナ
carotid,頸動脈
carouse,飲み干す
carousel,回転木馬
carp,鯉
carpal,手根骨
carpenter,大工
carpentry,大工仕事
carpet,カーペット
carpetbagger,カーペットバッガー
carpeting,敷物類
carping,あら捜し
Carpinteria,カーピンテリア
carpool,自動車の相乗り通勤
carport,カーポート
Carr,カー
carriage,キャリッジ
carrier,キャリア
carrion,腐肉
Carroll,キャロル
carrot,ニンジン
carry,キャリー
carrying,携帯
carryover,持ち越す
cart,カート
carte,献立表
cartel,カルテル
Carter,カーター
Carthage,カルタゴ
Carthaginian,カルタゴの
Cartier,カルティエ
cartilage,軟骨
cartographer,地図製作者
carton,カートン
cartoon,漫画
cartoonish,漫画っぽい　
cartoonist,漫画家
cartridge,カートリッジ
cartwheel,車輪
carve,彫る
carver,カーバー
carving,彫刻
caryatid,カリアティッド
casa,カーサ
Casablanca,カサブランカ
cascade,カスケード
case,ケース
casein,カゼイン
caseload,取扱件数
caseworker,ケースワーカー
cash,現金
cashew,カシュー
cashier,キャッシャー
cashmere,カシミヤ
casing,ケーシング
casino,カジノ
cask,キャスク
casket,キャスケット
Caspase,カスパーゼ
Caspian,カスピ海
Cassandra,カサンドラ
casserole,キャセロール
cassette,カセット
cast,キャスト
castaway,キャスト?アウェイ
caste,カースト
caster,キャスター
castigate,懲らしめる
Castilian,キャステリャ
casting,キャスティング
castle,城
castoff,脱ぎ捨てる
castor,キャスター
castrate,宦官
castration,去勢
Castro,カストロ
casual,カジュアル
casually,何気なく
casualty,犠牲者
cat,ネコ
catabolic,異化作用の
catabolism,異化
cataclysm,大変動
cataclysmic,激変する
catacomb,地下墓地
Catalan,カタロニア語
Catalase,カタラーゼ
Catalina,カタリーナ
catalog,カタログ
catalogue,カタログ
catalogued,カタログ
Catalonia,カタルーニャ
Catalunya,カタルーニャ
catalysis,触媒反応
catalyst,触媒
catalytic,触媒の
catalyze,触媒作用を及ぼす
catalyzed,触媒
catamaran,カタマラン
catapult,カタパルト
cataract,白内障
cataractous,白内障
catastrophe,大惨事
catastrophic,壊滅的な
catatonic,緊張
catcall,やじる
catch,キャッチ
catchall,キャッチオール
catcher,キャッチャー
catching,キャッチング
catchment,貯水池
catchup,追いつく
catchword,キャッチワード
catchy,覚えやすい　
catechism,公教要理
catechol,カテコール
catecholamine,カテコールアミン
catedral,カテドラル
categorical,カテゴリカル
categorically,きっぱり
categorization,カテゴリー化
categorize,分類する
category,カテゴリ
cater,応じる
caterer,仕出し屋
catering,ケータリング
caterpillar,毛虫
catfish,ナマズ
catharsis,カタルシス
cathartic,下剤
Cathay,キャセイ
cathedral,大聖堂
Catherine,キャサリン
catheter,カテーテル
catheterization,カテーテル法
Catholic,カトリック教徒
Catholicism,カトリシズム
cation,カチオン
catnip,キャットニップ
Cato,ケイトー研究所
Catskill,カッツキル
catsup,ケチャップ
cattle,牛
cattleman,牛飼い
catty,猫のような
catwalk,キャットウォーク
Caucasian,白人
Caucasus,コー??カサス
caucus,党員集会
caudal,尾の
cauldron,大釜
cauliflower,カリフラワー
caulk,コー??ク
causal,原因となる
causality,因果関係
causally,因果
causation,因果関係
causative,原因となる
cause,原因
causee,被使役者
causeway,土手道
caustic,腐食性の
cauterize,焼灼(しょうやく)する
caution,注意
cautionary,警告
cautious,用心深い　
cautiously,慎重に
cautiousness,慎重
cava,静脈 
cavalcade,オンパレード
cavalier,キャバリア
cavalry,騎兵
cave,洞窟
caveat,警告
caveman,穴居人
cavern,大洞窟
cavernous,海綿状の
caviar,キャビア
cavil,難癖をつける
cavity,空洞
cavort,跳ねる
caw,カラスの鳴き声
cay,岩礁
cayenne,カイエン
Cayman,ケイマン
CB,CB
CBZ,CBZ
CC,CC
CCD,CCD
CCR,CCR
CD,CD
CDC,アメリカ疾病管理予防センター
CDK,CDK
CDNA,CDNA
CE,CE
cease,やめる
ceasefire,停戦
ceaseless,絶え間ない
ceaselessly,絶え間なく
cedar,ヒマラヤスギ
cede,譲る
ceiling,天井
celeb,セレブ
celebrant,祝賀会の参加者
celebrate,祝う
celebrated,名高い
celebration,祝賀
celebratory,祝う
celebrity,有名人
celery,セロリ
celestial,天の
celibacy,独身主義
celibate,独身
Celine,セリーヌ
cell,セル
cellar,地下室
cellist,チェリスト
cello,チェロ
cellophane,セロファン
cellphone,携帯電話
cellular,細胞の
celluloid,セルロイド
cellulose,セルロース
celsius,摂氏
Celt,ケルト人
Celtic,ケルトの
CEM,CEM
cement,セメント
cemetary,墓地
cemetery,墓地
cenotaph,慰霊碑
censor,検閲官
censorious,口やかましい　
censorship,検閲
censure,酷評
census,国勢調査
cent,セント
Centaur,ケンタウルス
centenarian,100歳
centenary,100周年
centennial,100周年
center,センター
centered,中心の
centerpiece,テーブルセンター
centigrade,摂氏
centimeter,センチ
centipede,ムカデ
central,セントラル
centrality,重要性
centralization,中央集権
centralize,集中
centrally,集中
centre,センター
Centrelink,センターリンク
centric,中心の
centrifugal,遠心分離機
centrifugation,遠心分離
centrifuge,遠心分離機
centrifuged,遠心分離
centrist,中道
centroid,重心
Centromere,セントロメア
Centromeric,動原体の
centrosome,中心体
century,世紀
CEO,最高経営責任者（CEO）
cepacia,セパシア
ceramic,セラミック
ceramide,セラミド
cere,ろうびき布で包む
cereal,穀物
cerebellar,小脳の
cerebellum,小脳
cerebral,脳の
cerebrospinal,脳脊髄の
cerebrovascular,脳血管の
ceremonial,儀式
ceremony,式典
cerevisia,cerevisia
ceriodaphnia,ネコゼミジンコ属
cert,確実なこと
certain,いくらかの
certainly,確かに
certainty,確実性
certifiable,保証できる
certificate,証明書
certification,認定
certified,認定された
certify,証明する
certitude,確信
Cervantes,セルバンテス
cervical,頸部の
cervix,頸部
cesium,セシウム
cessation,停止
cessna,セスナ
cetacean,クジラ目
CF,CF
CFEOM,CFEOM
CG,CG
CH,CH
Chad,チャド
chafe,擦り切れ
chaff,チャフ
Chaga,チャガ族
Chagall,シャガール
chagrin,悔しさ
chain,チェーン
chained,鎖状の
chainsaw,チェーンソー
chair,椅子
chairman,会長
chairperson,議長
chairwoman,女性の会長
chaise,長椅子
chalet,シャレー
chalice,カリス
chalk,チョーク
chalkboard,黒板
chalky,チョークの
challenge,挑戦
challenged,障害を持った
challenger,挑戦者
challenging,挑戦
chamber,室
chamberlain,侍従
chameleon,カメレオン
champ,チャンプ
champagne,シャンパン
champion,チャンピオン
championship,チャンピオンシップ
champs,シャンゼリゼ
chance,チャンス
chancel,内陣
chancellor,首相
chancy,危険な
chandelier,シャンデリア
chandler,チャンドラー
Chandra,チャンドラ
Chanel,シャネル
Chang,揚子江
change,変更
changeable,可変
changed,変更
changeover,切り替え
changing,変化
channel,チャンネル
chant,聖歌
chao,チャオ
chaos,混沌
chaotic,混沌とした
chap,やつ
chaparral,チャパラル
chapel,礼拝堂
chapelle,シャペル
chaperon,シャペロン
chaperone,シャペロン
chaplain,従軍牧師
Chaplin,チャップリン
chapter,章
char,黒焦げにする
character,キャラクター
characterised,特徴づけられた
characteristic,特徴
characteristically,特徴的に
characterization,特性評価
characterize,特徴づける
characters,文字
charade,シャレード
charcoal,チャコール
chard,フダンソウ
Chardonnay,シャルドネ
charge,充電
charged,帯電した
charger,充電器
charging,充電
chariot,チャリオット
charisma,カリスマ
charismatic,カリスマ的な
charitable,慈善の
charity,チャリティー
charlatan,ペテン師
Charlemagne,シャルルマーニュ
Charles,チャールズ
Charleston,チャールストン
Charlie,チャーリー
Charlotte,シャーロット
charm,魅力
charmed,魔法をかけられた
charmer,魅力的な人
charming,魅力的な
charmingly,魅力的
chart,チャート
charted,チャート
charter,チャーター
chartered,公認の
chase,チェイス
chaser,チェイサー
chasing,追跡
chasm,キャズム
chassis,シャーシ
chaste,貞淑な
chasten,懲らしめる
chastise,厳しく非難する
chastity,貞操
chat,チャット
chateau,シャトー
chatted,おしゃべり
chattel,動産
chatter,おしゃべり
chatterbox,おしゃべり
chatty,おしゃべりな
chauffeur,おかかえ運転手
Chaus,Chaus
chauvinism,ショービニスム
chauvinist,狂信的愛国主義者
chauvinistic,熱狂的な
CHD,CHD
cheap,安い　
cheapen,見くびる
cheaper,安く
cheapest,最も安い　
cheaply,安く
cheapness,安っぽさ
cheat,カンニング
cheater,詐欺師
cheating,不正行為
Chechen,チェチェン
Chechnya,チェチェン
check,チェック
checkbook,小切手帳
checker,チェッカー
checkerboard,チェッカーボード
checkered,市松
checking,点検
checklist,チェックリスト
checkmate,チェックメイト
checkout,チェックアウト
checkpoint,チェックポイント
checkup,調べる
cheddar,チェダー
cheek,頬
cheekbone,頬骨
cheeky,生意気な
cheep,甲高い声で言う
cheer,歓声
cheerful,陽気な
cheerfully,陽気に
cheerfulness,陽気
cheerily,陽気
cheerleader,チアリーダー
cheerleading,チアリーディング
cheery,陽気な
cheese,チーズ
cheeseburger,チーズバーガー
cheesecake,チーズケーキ
cheesy,チーズの
cheetah,チーター
chef,シェフ
chelate,キレート
chelation,キレート化
chem,chem
chemical,化学物質
chemically,化学
chemicon,ケミコン
chemiluminescence,化学発光
chemiluminescent,化学発光
chemist,化学者
chemistry,化学
chemoattractant,化学誘引物質
chemokine,ケモカイン
chemoprevention,化学的予防
chemopreventive,化学的予防
chemotactic,走化性の
chemotaxi,chemotaxi
chemotherapeutic,化学療法薬
chemotherapy,化学療法
Cheney,チェイニー
Chengdu,成都
chenille,シェニール糸
cheque,チェック
Cher,シェール
cherish,大切にする
Chernobyl,チェルノブイリ
Cherokee,チェロキー
cherry,チェリー
cherub,ケルビム
cherubic,天使のような
chess,チェス
chessboard,チェス盤
chest,胸
Chester,チェスター
chesterfield,チェスターフィールド
chestnut,栗
chevalier,シュバリエ
Chevrolet,シボレー
chevron,シェブロン
Chevrontexaco,シェブロンテキサコ
Chevy,シェビー
chew,かむ
chewy,腰のある
chez,〜で
chi,χ
chiaroscuro,明暗法
chic,シック
Chicago,シカゴ
chicanery,ごまかし
chick,ひよこ
chicken,チキン
chickpea,ヒヨコマメ
chide,たしなめる
chief,チーフ
chiefly,主に
chieftain,族長
chiffon,シフォン
chihuahua,チワワ
child,子供
childbear,childbear
childbirth,出産
childcare,育児
childhood,小児期
childish,幼稚な
childless,子供のいない
childlike,純真な
children,子供
Childress,チルドレス
Chile,チリ
Chilean,チリの
chili,チリ
chill,チル
chilli,チリ
chilling,恐ろしい　
chilly,肌寒い　
chime,チャイム
chimed,相づちを打った
chimera,キメラ
chimeric,キメラの
chimerical,キメラの
chimney,煙突
chimp,チンプ
chimpanzee,チンパンジー
chin,あご
China,中国
Chinatown,チャイナタウン
chinchilla,チンチラ
Chinese,中国語
chink,割れ目
chino,チノ
Chinook,チヌック
chintz,インド更紗
chintzy,安っぽい
chip,チップ
chipmunk,シマリス
chipper,元気な
chippy,無味乾燥な
Chirac,シラク
chiral,キラル
chirality,キラリティー
chiropractic,カイロプラクティック
chiropractor,カイロプラクター
chirp,チャープ
chirpy,快活な
chisel,彫刻刀
chit,伝票
chitchat,おしゃべり
chitty,チキ
chivalrous,凛々しい　
chivalry,騎士道
chive,チャイブ
CHL,チリ
Chlamydia,クラミジア
Chlamydial,クラミジアの
chloride,塩化
chlorine,塩素
chloro,クロロ
chlorofluorocarbon,フロン
chloroform,クロロホルム
chloroplast,葉緑体
chloroquine,クロロキン
chlorthalidone,クロルタリドン
chock,チョック
chocolate,チョコレート
choice,選択
choir,合唱団
choirboy,少年聖歌隊員
choke,チョーク
choker,チョーカー
cholera,コレラ
cholestasis,胆汁鬱滞
cholesterol,コレステロール
cholinergic,コリン作用性の
cholo,男らしい　
chomp,ムシャムシャ食べる
chondrocyte,軟骨細胞
chondroitin,コンドロイチン
Chongqing,重慶市
choose,選ぶ
chooser,選択者
choosing,選択する
choosy,うるさい　
chop,チョップ
Chopin,ショパン
chopper,チョッパー
choppy,途切れ途切れの
chopstick,箸
choral,コラール
chord,和音
chordate,脊索動物
chore,雑用
choreograph,演出する
choreographed,演出された
choreographer,振付師
choreography,振り付け
chorionic,絨毛膜の
choroid,脈絡膜
chortle,声高に笑う
chorus,コー??ラス
chou,シュークリーム
chow,チャウ
chowder,チャウダー
CHR,CHR
Chris,クリス
Christ,キリスト
christen,クリステン
Christendom,キリスト教世界
christened,洗礼
Christian,クリスチャン
Christianity,キリスト教
Christie,クリスティ
Christmas,クリスマス
Christopher,クリストファー
CHRNA,CHRNA
chromatid,染色分体
Chromatin,クロマチン
chromatography,クロマトグラフィー
Chrome,クローム
chromium,クロム
chromogen,色原体
chromosomal,染色体の
chromosome,染色体
chronic,慢性的
chronically,慢性的に
chronicle,クロニクル
chronicled,記録にとどめ
chronicler,年代記編者
chronological,年代
chronologically,年代順に
chronology,年表
chrysanthemum,菊
Chrysler,クライスラー
chub,チャブ
chubby,チャビー
chuck,チャック
chuckle,含み笑い
chuckled,笑った 
chug,一気飲み
chum,親友
chummy,親しい　
chump,ばか
chunk,チャンク
chunky,がっちりした
church,教会
churchgoer,教会に
Churchill,チャーチル
churchman,聖職者
churchyard,教会の墓地
churlish,百姓の
churn,チャーン
chute,シュート
chutney,チャツネ
chutzpah,厚かましさ
CHX,CHX
CI,CI
CIA,CIA
ciao,チャオ
cicada,蝉
Cicero,シセロ
cider,サイダー
cigar,シガー
cigarette,たばこ
CII,CII
cilantro,コリアンダー
ciliary,まつげの
cinch,楽勝
Cincinnati,シンシナティ
cinco,シンコ
cinder,シンダー
cinderblock,シンダー
Cinderella,シンデレラ
Cindy,シンディ
cinema,映画
cinematheque,シネマテーク
cinematic,映画の
cinematographer,撮影監督
cinematography,映画撮影術
cineplex,シネプレックス
Cingular,シンギュラー
cinnamon,シナモン
CIO,CIO
cipher,暗号
circa,およそ
circadian,24時間周期の
circle,サークル
circuit,回路
circuitous,回りくどい　
circuitry,電気回路
circular,円形の
circularity,円形
circulate,循環する
circulation,循環
circulatory,循環の
circumference,円周
circumferential,周
circumlocution,婉曲
circumnavigate,迂回する
circumscribe,囲む
circumspect,慎重な
circumspection,慎重
circumstance,状況
circumstantial,状況の
circumvent,回避する
circus,サーカス
cirque,圏谷(けんこく)
cirrhosis,肝硬変
CIS,CIS
Cisco,シスコ社
cistern,水槽
citadel,要塞
citation,引用
cite,引用する
CITES,CITES
Citibank,シティバンク
Citicorp,シティコープ
Citigroup,シティグループ
citizen,市民
citizenry,市民
citizenship,市民権
citrate,クエン酸塩
citric,クエン酸
Citroen,シトロエン
citron,シトロン
citrus,柑橘類
city,街
citywide,市全域の
civet,ジャコウネコ
civic,市民の
civil,市民の
civilian,民間人
civility,礼節
civilization,文明
civilize,教化する
civilized,文明化
civilly,礼儀正しく
CL,CL
clack,クラック
clad,服を着せる
claim,主張する
claimant,主張者
Claire,クレア
clairvoyant,千里眼の
clam,ハマグリ
clamber,よじ登る
clammy,じっとりした
clamor,叫び
clamorous,喧噪
clamp,クランプ
clan,一族
clandestine,秘密の
clang,打ち鳴らす
clank,かちゃんと鳴る音
clap,拍手
clapboard,下見板張り
clapped,拍手
clapper,舌
claptrap,くだらない　
Clara,クララ
Clarence,クラレンス
claret,クラレット
clarification,明確化
clarify,明らかにする
clarinet,クラリネット
clarion,クラリオン
clarity,明瞭
Clark,クラーク
Clarke,クラーク
clash,衝突
clasp,しっかり握る
class,クラス
classic,クラシック
classical,古典的な
classically,古典
classicism,古典主義
classicist,古典学者
classification,分類
classified,分類された
classifier,分類器
classify,分類する
classmate,同級生
classroom,教室
classy,高級な
clatter,カチャカチャという音
Claus,クラウス
clause,句
claustrophobia,閉所恐怖症
claustrophobic,閉所恐怖症の
clavicle,鎖骨
claw,爪
clawed,ツメガエル
clay,粘土
clean,クリーン
cleaner,クリーナー
cleaning,クリーニング
cleanliness,清潔
cleanly,きれいに
cleanse,清める
cleanser,クレンザー
cleansing,クレンジング
cleanup,掃除
clear,クリア
clearance,クリアランス
clearer,明確に
clearest,明確な
clearheaded,clearheaded
clearing,クリアリング
clearinghouse,情報センター
clearly,明らかに
Clearwater,クリアウォーター
cleat,クリート
cleavage,開裂
cleave,クリーブ
cleaved,切断された
cleaver,クリーバー
clef,音符記号
cleft,割れ目
clematis,クレマチス
clemency,減刑
clementine,クレメンタイン
clench,食いしばる
Cleopatra,クレオパトラ
clergy,聖職者
clergyman,牧師
cleric,聖職者
clerical,聖職者
clerk,店員
Cleveland,クリーブランド
clever,賢い　
cleverly,巧妙に
cleverness,賢さ
cliche,決まり文句
click,クリック
client,クライアント
clientele,顧客
cliff,崖
cliffhanger,クリフハンガー
climactic,クライマックスの
climate,気候
climatic,気候の
climax,クライマックス
climb,登る
climber,クライマー
climbing,クライミング
clime,clime
clinch,クリンチ
clincher,決め手
cline,クライン
cling,しがみつく
clinger,clinger
clingy,体にぴったりした
clinic,クリニック
clinical,臨床の
clinically,臨床的に
clinician,臨床医
clink,かちんという音
Clinton,クリントン
clip,クリップ
clipboard,クリップボード
clipper,クリッパー
clipping,クリッピング
clique,徒党
cloaca,排出腔
cloak,マント
clobber,ひどく殴る
clock,クロック
clockwise,時計回りの
clockwork,時計仕掛け
clod,土塊
clog,クロッグ
cloister,回廊
cloistered,隠遁的な
clomipramine,クロミプラミン
clone,クローン
cloning,クローニング
Clontech,クロンテック
clonus,クローヌス
close,閉じる
closed,閉じた
closely,密接に
closeness,近さ
closeout,見切り
closer,クローザー
closest,最も近い　
closet,クローゼット
closing,閉鎖
clostridium,クロストリジウム属
closure,閉鎖
clot,血餅
cloth,布
clothe,衣服を着せる
clothes,服
clothesline,ラリアット
clothespin,洗濯挟み
clothier,服屋
clothing,衣類
cloud,雲
cloudless,雲のない
cloudy,曇った
clough,クラフ
clout,影響力
clove,クローブ
clover,クローバー
clown,ピエロ
cloy,飽きが来る
clozapine,クロザピン
CLR,CLR
club,クラブ
clubby,クラブ風の
clubhouse,クラブハウス
cluck,鳴き声
clue,手掛かり
clued,clued
clueless,無知な
clump,塊
clumsily,不器用に
clumsy,不器用な
clunk,一撃
clunky,格好悪い　
clustal,Clustal
clustalW,clustalW
clustalX,clustalX
cluster,クラスタ
clustering,クラスタリング
clutch,クラッチ
clutched,クラッチ式
clutches,クラッチ
clutter,乱雑
cm,cm
CMV,CMV
cn,CN
CNBC,シーエヌビシー
CNN,CNN
CNNFN,CNN Finantial 
CO,CO
coach,コー??チ
coached,コー??チ
coaching,コー??チング
coactivator,コアクチベーター
coagulation,凝固
coal,石炭
coalesce,合体する
coalescence,合体
coalition,連合
coarse,粗い　
coarsely,粗野に
coast,海岸
coastal,沿岸の
coaster,コー??スター
coastline,海岸線
coat,コー??ト
coated,コー??ティングされた
coating,コー??ティング
coattail,coattail
coauthor,共同著作者
coax,同軸ケーブル
coaxed,なだめ
cob,トウモロコシの穂軸
cobalt,コバルト
cobb,コブ
cobble,玉石
cobbler,靴直し
cobblestone,玉石
cobra,コブラ
cobuild,COBUILD
cobweb,クモの巣
coca,コカ
cocaine,コカイン
coccus,球菌
cochin,コー??チン
cochlea,蝸牛管
cochlear,蝸牛の
cock,コック
cockatoo,ボタンインコ
cocked,コック
cocker,コッカー
cockfight,闘鶏
cockle,ザルガイ科の二枚貝
cockney,コックニー
cockpit,コックピット
cockroach,ゴキブリ
cocktail,カクテル
cocky,生意気な
coco,ココ
cocoa,ココア
coconstruct,共同構成概念
coconut,ココナッツ
cocoon,まゆ
cod,タラ
coda,コー??ダ
coddle,coddle
code,暗号
coded,コー??ド化された
codeine,コデイン
coder,符号器
codex,写本
codger,おいぼれ
codification,成文化
codify,codify
coding,コー??ディング
codon,コドン
coed,男女共学の
coefficient,係数
coelicolor,コエリカラー
coenzyme,コエンザイム
coerce,強要する
coerced,強要
coercion,強制
coercive,強制的な
coevolution,共進化
coevolutionary,共進化
coevolve,coevolve
coexist,共存する
coexistence,共存
coexpressed,共発現した
coexpression,共発現
cofactor,補因子
coffee,コー??ヒー
coffeehouse,喫茶店
coffer,財源
coffin,棺おけ
cog,歯
cogeneration,熱電併給
cogent,説得力のある
cogently,人を説得できるほどに
cognac,コニャック
cognate,同系
cognition,認識力
cognitive,認識の
cognizant,認識して
cohabit,cohabit
cohabitation,同棲
Cohen,コー??エン
cohere,密着する
coherence,コヒーレンス
coherent,コヒーレント
cohesin,コヒーシン
cohesion,凝集
cohesive,凝集
cohort,コホート
coiffure,ヘアスタイル
coil,コイル
coiled,コイル状
coin,コイン
coinage,貨幣
coincide,一致する
coincidence,一致
coincident,一致する
coincidental,偶然
coincidentally,偶然
Coindre,コインドロホール
coinfection,同時感染
coke,コー??クス
col,コル
colander,コランダー
cold,冷たい　
colder,寒い　
coldest,最も寒い　
coldly,冷たく
coldness,寒さ
Cole,コー??ル
Coleman,コー??ルマン
coleslaw,コー??ルスロー
coli,大腸菌
colic,疝痛(せんつう)
Colin,コリン
coliseum,コロシアム
colitis,大腸炎
collaborate,協力する
collaboration,コラボレーション
collaborative,共同の
collaborator,協力者
collage,コラージュ
collagen,コラーゲン
collagenase,コラゲナーゼ
collapse,崩壊
collar,襟
collarbone,鎖骨
collard,コラード
collate,照合する
collateral,傍系の
colleague,同僚
collect,集める
collectable,収集可能な
collected,集めた
collectible,コレクター
collecting,収集
collection,コレクション
collective,集合的な
collectively,集合的に
collectivism,集産主義
collector,コレクター
colleen,少女
college,大学
collegial,合議
collegiate,大学の
colliculi,丘
collide,衝突する
collided,衝突
collie,コリー
collier,コリアー
Collins,コリンズ
collision,衝突
collocation,コロケーション
colloid,コロイド
colloquial,口語の
colloquialism,口語表現
colloquy,会話
collude,共謀する
collusion,共謀
collusive,共謀
colocalization,共局在化
colocalize,共存する 
cologne,コロン
Colombia,コロンビア
Colombian,コロンビアの
Colombo,コロンボ
colon,コロン
colonel,大佐
colonial,コロニアル
colonialism,植民地主義
colonialist,植民地主義者
colonist,入植者
colonization,植民地化
colonize,植民地化する
colonized,植民地化
colonnade,コロネード
colonnaded,列柱のある
colony,植民地
color,色
Colorado,コロラド州
coloration,着色
colorblind,色盲
colorectal,結腸直腸の
colored,着色された
colorful,カラフル
coloring,着色
colorist,カラリスト
colorless,無色
colors,色
colossal,巨大な
Colosseum,コロシアム
colossus,巨人
colostrum,初乳
colour,色
coloured,着色された
colourful,カラフル
colt,コルト
Columbia,コロンビア
Columbian,コロンブスの
columbine,オダマキ
Columbus,コロンブス
column,コラム
columnar,円柱状の
columnist,コラムニスト
COM,COM
coma,昏睡
comatose,昏睡状態の
comb,櫛
combat,戦闘
combatant,戦闘員
combating,闘う
combative,闘争的な
combination,組み合わせ
combinatorial,組み合わせの
combine,コンバイン
combined,合わせた
combining,合成
combo,コンボ
combust,燃やす
combustible,可燃性の
combustion,燃焼
Comcast,コムキャスト
come,来る
comeback,戻ってくる
comedian,コメディアン
comedic,喜劇の
comedienne,コメディアン
comedy,コメディ
comely,器量のいい
comer,コー??ナー
comestible,食べられる
comet,彗星
comeuppance,当然の報い
comfort,コンフォート
comfortable,快適
comfortably,楽に
comforter,慰安者
comforting,慰める
comfy,快適な
comic,コミック
comical,コミカル
comically,こっけいに
comin,やって来る
coming,到来
comity,礼譲
comma,コンマ
command,コマンド
commandant,司令官
commandeer,乗っ取る
commander,司令官
commanding,指揮
commandment,おきて
commando,コマンド
commemorate,記念する
commemoration,記念
commemorative,記念の
commence,始める
commencement,開始
commend,称賛する
commendable,立派
commendation,表彰
commensal,共生
commensurate,相応の
comment,コメント
commentariat,評論家
commentary,解説
commentator,コメンテーター
commenter,評者
commerce,コマース
commercial,コマーシャル
commercialism,商業主義
commercialization,商業化
commercialize,商品化する
commercialized,商品化
commercially,商業
commie,共産党員
commingle,混合する
commiserate,同情する
commiseration,哀れみ
commissar,人民委員
commissary,物資配給所
commission,委員会
commissioner,コミッショナー
commit,コミット
commitment,コミットメント
committed,献身的な
committee,委員会
commode,トイレ
commoditization,コモディティ化
commodity,商品
commodore,准将
common,一般
commonality,共通性
commoner,平民
commonly,一般に
commonplace,ありふれた
commons,コモンズ
Commonwealth,イギリス連邦
commotion,騒ぎ
communal,公共
commune,コミューン
communicable,通信
communicate,通信する
communication,通信
communicative,通信の
communicator,コミュニケーター
communion,交わり
communique,コミュニケ
communism,共産主義
communist,共産主義者
communitarian,共同体主義の
community,コミュニティ
commute,通勤
commuted,減刑
commuter,コミューター
comorbid,併存
comorbidity,併存疾患
Comoro,コモロ･イスラム連邦共和国
comp,コンプ
compact,コンパクト
compaction,コンパクション
companies,企業
companion,コンパニオン
companionable,人好きのする
companionship,交際
company,会社
Compaq,コンパック
comparability,比較可能性
comparable,匹敵する
comparably,同等
comparative,比較の
comparatively,比較的
compare,比較する
comparison,比較
compartment,コンパートメント
compartmentalization,区画化
compartmentalize,区分する
compass,コンパス
compassion,思いやり
compassionate,思いやりのある
compatibility,互換性
compatible,互換性のある
compatriot,同胞
compel,強いる
compelling,説得力のある
compendium,大要
compensate,補償する
compensation,補償
compensatory,代償
compete,競争する
competence,コンピテンス
competency,コンピテンシー
competent,有能な
competition,競争
competitive,競争力のある
competitively,競争的に
competitiveness,競争力
competitor,競合他社
compilation,コンピレーション
compile,コンパイル
compiler,コンパイラ
complacency,自己満足
complacent,無関心な
complain,文句を言う
complainant,原告
complaint,苦情
complement,補数
complementarity,相補性
complementary,補完的な
complementation,相補性
complemented,補完
complete,完全な
completed,完成した
completely,完全に
completeness,完全
completion,完了
complex,複雑な
complexed,複合化
complexion,顔色
complexity,複雑
compliance,コンプライアンス
compliant,準拠した
complicate,複雑な
complicated,複雑な
complication,合併症
complicit,共謀した
complicity,共犯
compliment,お世辞
complimentary,無料の
complimented,ほめる 
comply,従う
component,コンポーネント
comport,ふるまう
compose,構成する
composed,構成
composer,作曲家
composite,複合
composition,組成
compositional,組成の
compositor,合成器
compost,堆肥
composted,堆肥
composure,落ち着き
compound,化合物
compounding,調合
comprehend,理解する
comprehensible,分かりやすい　
comprehension,理解
comprehensive,包括的な
comprehensively,総合的に
compress,圧縮する
compression,圧縮
compressor,コンプレッサー
comprise,含む
compromise,妥協
comptroller,会計監査官
compulsion,強制
compulsive,衝動的な
compulsory,強制的な
compunction,良心の呵責
computation,計算
computational,計算の
computationally,計算的に
compute,計算
computed,計算された 
computer,コンピューター
computerization,コンピュータ化
computerize,コンピュータ化する
computerized,コンピュータ化された
computing,コンピューティング
comrade,同志
con,反対の
concatenated,連結された
concatenation,連結
concave,凹面
conceal,隠す
concealment,隠蔽
concede,認める
conceit,うぬぼれ
conceited,自惚の強い
conceivable,考えられる
conceivably,考えられる限り
conceive,想像する
concentrate,集中
concentrated,濃縮
concentration,濃度
concentric,同心の
concept,概念
conception,構想
conceptual,概念の
conceptualize,概念化する
conceptually,概念的
conceptus,受胎産物
concern,懸念
concerned,心配
concert,コンサート
concerted,協調した
concertina,コンサーティーナ
concerto,コンチェルト
concession,譲歩
conch,巻き貝
concierge,コンシェルジュ
conciliation,調停
conciliatory,なだめる
concise,簡潔な
concisely,簡潔
conciseness,簡潔
concision,簡潔さ
conclave,コンクラーベ
conclude,結論を下す
conclusion,結論
conclusive,決定的な
conclusively,決定的に
concoct,でっち上げる
concoction,でっち上げ
concomitant,付随
concomitantly,付随して
concord,コンコード
concordance,コンコーダンス
concordant,一致した
concorde,コンコルド
concourse,コンコース
concrete,コンクリート
concubine,愛人
concupiscent,concupiscent
concur,同意する
concurrence,一致
concurrent,同時
concurrently,同時に
concussion,脳震とう
condemn,非難する
condemnation,非難
condensation,凝縮
condense,凝縮する
condensed,凝縮された
condenser,コンデンサー
condescend,見下すような態度を取る
condescension,謙遜
condiment,調味料
condition,条件
conditional,条件付きの
conditionally,条件付き
conditioner,コンディショナー
conditioning,コンディショニング
condo,マンション
condolence,お悔やみ
condom,コンドーム
condominium,分譲マンション
condone,大目に見る
condor,コンドル
conducive,助けになる
conduct,行動
conductance,伝導度
conducting,実施 
conduction,伝導
conductivity,導電率
conductor,車掌
conduit,導管
cone,コー??ン
confab,会談
confection,お菓子
confederacy,同盟
confederate,連盟する
confederation,連合
confer,与える
conferee,会議出席者
conference,会議
confess,告白する
confession,告白
confessional,告白の
confessor,告白者
confetti,紙吹雪
confidant,腹心
confidante,親友
confide,打ち明ける
confidence,自信
confident,自信に満ちた
confidential,機密
confidentiality,機密性
confidently,自信を持って
configuration,コンフィギュレーション
configure,設定する
configured,構成された
confine,閉じ込める
confinement,閉じ込め
confines,境界
confirm,確認する
confirmation,確認
confirmatory,確認
confirmed,確認された
confiscate,没収する
confiscation,没収
conflagration,大火
conflate,融合する
conflict,紛争
conflicting,相反する
confluence,合流
confluency,密集度
confluent,コンフルエント
confocal,共焦点
conform,一致する
conformation,立体配座
conformational,立体配座の
conformer,配座異性体
conformist,コンフォーミスト
conformity,適合
confound,混乱させる
confounded,べらぼう
confounder,交絡因子
confraternity,奉仕団体
confrere,confrere
confront,直面する
confrontation,対決
confrontational,対立的な
confucian,儒教の
Confucius,孔子
confuse,混乱させる
confused,混乱した
confusee,confusee
confusing,紛らわしい
confusion,混乱
confute,論破する
conga,コンガ
congeal,凝固する
congener,同族
congenial,合う
congenital,先天性の
congested,混雑した
congestion,混雑
congestive,うっ血
conglomerate,コングロマリット
conglomeration,かたまり
Congo,コンゴ
congrat,congrat
congratulate,祝う
congratulating,祝う
congratulation,祝い
congratulatory,お祝いの
congregate,集まる
congregation,会衆
congregational,集合の
Congress,議会
congressional,議会の
congressionally,議会
Congressman,下院議員
Congressperson,Congressperson
Congresswoman,女性下院議員
congruence,合同
congruent,合同の
conical,円錐形の
conifer,針葉樹
conjectural,推測
conjecture,推測
conjoined,結合した
conjugate,共役
conjugated,共役した
conjugation,共役
conjunction,接続詞
conjunctivitis,結膜炎
conjure,呪文で呼び出す
conjured,巻き起こし
conk,頭を殴る
Conn,操舵指揮
connect,接続する
connected,接続
Connecticut,コネチカット
connection,接続
connective,結合
connectivity,接続性
connector,コネクタ
Connie,コニー
connive,黙認する
connoisseur,目利き
Connor,コナー
connotation,含蓄
connote,暗示する
conquer,征服する
conquered,征服
conqueror,征服者
conquest,征服
conquistador,征服者
Conrad,コンラッド
conscience,良心
conscientious,良心的な
conscientiously,誠実に
conscious,意識
consciously,意識して
consciousness,意識
conscript,徴集兵
conscription,徴兵
consecrate,奉献する
consecrated,聖体拝領
consecutive,連続した
consecutively,連続して
consensual,合意に基づく
consensus,合意
consent,同意
consequence,結果
consequent,結果
consequential,結果として起こる
consequently,従って
conservancy,管理委員会
conservation,保全
conservationist,自然保護論者
conservatism,保守主義
conservative,保守的な
conservatively,控えめに
conservator,後見人
conservatory,温室
conserve,保存する
conserved,保存されている 
consider,考える
considerable,かなりの
considerably,かなり
considerate,思いやりのある
consideration,検討
consign,委託
consignment,委託
consist,成る
consistency,一貫性
consistent,一貫性のある
consistently,一貫して
consolation,慰め
console,コンソール
consoled,慰め
consolidate,統合する
consolidated,連結
consolidation,連結
consonant,子音
consort,配偶者
consortium,コンソーシアム
conspicuous,目立つ
conspicuously,一際
conspiracy,陰謀
conspirator,共謀者
conspiratorial,共謀の
conspire,共謀する
constable,巡査
constabulary,保安隊
constance,コンスタンス
constancy,恒常性 
constant,定数
Constantine,コンスタンティン
Constantinople,コンスタンチノープル
constantly,絶えず
constellation,星座
consternation,仰天
constipation,便秘
constituency,選挙区
constituent,成分
constitute,構成する
constitution,憲法
constitutional,憲法上の
constitutionality,合憲
constitutionally,憲法上
constitutive,構成的な
constitutively,構造的に
constrain,拘束する
constrained,制約
constraint,制約
constrict,締め付ける
constriction,くびれ
construct,構築する
construction,建設
constructive,建設的な
constructively,前向きに
construe,解釈
consul,領事
consular,領事の
consulate,領事館
consult,相談する
consultancy,コンサルタント会社
consultant,コンサルタント
consultation,相談
consulting,コンサルティング
consumable,消耗品
consume,消費する
consumer,消費者
consumerism,消費者運動
consuming,消費する
consummate,完璧な
consummation,終焉
consumption,消費
contact,コンタクト
contagion,伝染
contagious,伝染性の
contain,含む
contained,含まれている
container,コンテナ
containment,封じ込め
contaminant,汚染物質
contaminate,汚染する
contaminated,汚染された
contamination,汚染
conte,コンテ
contemplate,熟考する
contemplation,熟考
contemplative,黙想にふける
contemporaneous,同時
contemporary,現代の
contempt,軽蔑
contemptible,卑劣な
contemptuous,軽蔑的な
contemptuously,軽蔑
contend,争う
contender,競争相手
content,コンテンツ
contented,満足した
contentedly,満足して
contention,競争
contentious,異論の多い　
contentment,満足
contents,コンテンツ
contest,コンテスト
contestant,競争者
context,コンテキスト
contextual,文脈上の
contig,コンティグ
contiguity,隣接
contiguous,隣接する
continence,自制
continent,大陸
continental,コンチネンタル
contingency,不測の事態
contingent,偶発的な
continual,継続的な
continually,絶えず
continuance,継続
continuation,継続
continue,続ける
continued,継続する
continuity,継続
continuous,連続的な
continuously,継続的に
continuum,連続体
contort,ねじる
contorted,ねじ曲げられた
contortion,ゆがみ
contour,輪郭
contra,反対の
contraband,禁制品
contraception,避妊
contraceptive,避妊薬
contract,契約
contractile,収縮性の
contractility,収縮性
contracting,請負
contraction,収縮
contractor,請負業者
contractual,契約上の
contradict,矛盾する
contradicted,矛盾
contradiction,矛盾
contradictory,矛盾した
contraindication,禁忌
contralateral,反対側の
contraption,工夫
contrarian,コントラリアン
contrary,反対の
contrast,コントラスト
contravene,違反する
contravention,違反
contretemps,災??難
contribute,貢献する
contribution,投稿
contributor,投稿者
contributory,寄与する
contrite,深く悔いている
contrition,悔恨
contrivance,仕組み
contrive,考案する
contrived,不自然な
control,コントロール
controllable,制御可能な
controlled,制御された
controller,コントローラ
controlling,制御
controversial,物議を醸す
controversy,論争
contusion,挫傷
conundrum,難しい問題
convalesce,静養
convalescence,回復期
convalescent,回復期の
convection,対流
convene,招集する
convenience,利便性
convenient,便利
conveniently,便利に
convent,修道院
convention,大会
conventional,従来型の
conventionally,従来、
converge,収束する
convergence,コンバージェンス
convergent,収束
conversant,精通している
conversation,会話
conversational,会話の
conversationalist,座談
converse,逆
conversely,逆に
conversion,変換
convert,変換
converter,コンバータ
convertible,コンバーチブル
convex,凸面
convey,伝える
conveyance,運搬
conveyer,コンベヤー
conveyor,コンベヤー
convict,囚人
conviction,有罪判決
convince,納得させる
convinced,確信して
convincing,説得力のある
convincingly,納得のいくように
convocation,招集
convoluted,入り組んだ
convolution,コンボリューション
convoy,コンボイ
convulse,震動させる
convulsion,けいれん
coo,クー
cook,コック
cookbook,料理の本
cooker,クッカー
cookery,料理法
cookie,クッキー
cooking,料理
cookout,野外料理会
cool,クール
coolant,クーラント
cooler,クーラー
coolest,クールな
coolie,クーリー
cooling,冷却
coolly,冷静に
coolness,涼しさ
coon,アライグマ
coop,小屋
cooper,クーパー
cooperate,協力する
cooperation,協力
cooperative,協同組合
cooperatively,協働的
cooperativity,共同性
coordinate,座標
coordinately,協調
coordinating,コー??ディネート
coordination,コー??ディネーション
coordinator,コー??ディネーター
COP,COP
copayment,自己負担額
cope,対処
Copenhagen,コペンハーゲン
copier,コピー機
coping,対処
copious,豊富な
copped,捕らえられた
copper,銅
copperhead,copperhead
copse,雑木林
Coptic,コプト語
copulate,交尾する
copy,コピー
copycat,コピーキャット
copying,複写
copyright,著作権
copywriter,コピーライター
coquette,コケット
cor,うわっ！
coral,サンゴ
Corcoran,コー??コラン
cord,コー??ド
cordial,心のこもった
cordially,真心を込めて
cordless,コー??ドレス
cordon,コルドン
Cordova,コー??ドバ
corduroy,コー??デュロイ
Cordy,コー??ディー
core,コア
coriander,コリアンダー
Corinth,コリント
Corinthian,コリントの
cork,コルク
corkscrew,コルクスクリュー
cormorant,鵜
corn,トウモロコシ
cornea,角膜
corneal,角膜の
cornel,ミズキ
corner,コー??ナー
cornerback,コー??ナーバック
cornerstone,礎石
cornfield,トウモロコシ畑
cornflower,ヤグルマギク
cornice,コー??ニス
Corning,コー??ニング
Cornish,コー??ニッシュ
cornstarch,コー??ンスターチ
cornucopia,宝庫
corny,陳腐な
corolla,花冠
corollary,当然の結果
corona,コロナ
coronary,冠状動脈
coronation,戴冠式
coroner,検視官
coronet,宝冠
corp,コー??プ
corporal,伍長
corporate,企業の
corporation,法人
corporeal,有体
corps,軍団
corpse,死体
corpus,コー??パス
corral,囲い
correct,正しい
corrected,補正後
correction,補正
corrective,矯正
correctly,正しく
correctness,正しさ
correlate,相互に関連付ける
correlated,相関
correlation,相関
correlative,相関の
correlogram,相関曲線
correspond,対応する
correspondence,対応
correspondent,特派員
corresponding,対応する
correspondingly,それに対応して
corridor,廊下
corroborate,裏付ける
corroborated,corroborated
corroboration,実証するもの
corroborative,裏付けとなる
corrode,腐食
corrosion,腐食
corrosive,腐食性の
corrugated,波形の
corrupt,破損した
corrupted,破損した
corrupting,堕落
corruption,汚職
corsair,コルセア
corset,コルセット
Corsica,コルシカ島
corso,大通り
cortex,皮質
cortical,皮質の
corticosterone,コルチコステロン
cortisol,コルチゾール
cortisone,コルチゾン
Corus,コー??ラス
corvette,コルベット
cos,COS
cosine,コサイン
cosmetic,化粧品
cosmic,宇宙の
cosmid,コスミッド
cosmological,宇宙論的な
cosmology,宇宙論
cosmonaut,宇宙飛行士
cosmopolitan,コスモポリタン
cosmos,宇宙
cost,コスト
Costa,コスタ
costar,共演
Costco,コストコ
costimulation,共刺激
costly,高価な
costume,衣装
cosuppression,共抑制
cosy,居心地のよい　
cot,コット
cote,コー??ト
coterie,同人
cottage,コテージ
cotton,コットン
cottonwood,ハコヤナギ
cotyledon,子葉
couch,カウチ
cougar,クーガー
cough,咳
could,可能性
coulda,could haveの縮約形
couldn,couldn
coulter,コー??ルター
council,協議会
councillor,評議員
councilman,市会議員
councilor,評議員
counsel,弁護士
counseling,カウンセリング
counsellor,カウンセラー
counselor,カウンセラー
count,カウント
countdown,カウントダウン
countenance,表情
counter,カウンター
counteract,対抗する
counterattack,反撃
counterbalance,対抗勢力
counterclockwise,反時計回りの
counterculture,カウンターカルチャー
counterfeit,偽造
counterinsurgency,暴動対策
counterintelligence,対情報
counterintuitive,直観に反した
countermeasure,対策
counterpart,カウンターパート
counterpoint,対位法
counterproductive,逆効果の
counterrevolutionary,反革命
counterspin,counterspin
counterstained,対比
countertenor,カウンターテナー
counterterrorism,テロ対策
counterterrorist,対テロ
countervail,相殺する
counterweight,釣り合い
countess,伯爵婦人
countin,数え上げる
counting,集計
countless,数え切れないほどの
countries,国々
country,国
countryman,同胞
countryside,田舎
county,郡
coup,クーデター
coupe,クーペ
couple,カップル
couplet,カプレット
coupling,カップリング
coupon,クーポン
cour,クール
courage,勇気
courageous,勇敢な
Courbet,クールベ
courgette,ズッキーニ
courier,急使
course,コー??ス
court,裁判所
courteous,丁寧
courtesy,礼儀
courthouse,裁判所
courtier,廷臣
courtly,上品な
courtroom,法廷
courtship,求愛
courtyard,中庭
couscous,クスクス(料理)
cousin,いとこ
couture,オートクチュール
covalent,共有結合性の
covalently,共有結合
covariance,共分散
covariate,共変量
covariation,共変動
cove,入り江
coven,魔女の集まり
covenant,契約
Coventry,コベントリ
cover,カバー
coverage,報道
coverall,カバーオール
covered,覆われた
covering,カバーリング
coverslip,カバースリップ
covert,秘密の
covertly,こっそり
covet,切望する
coveted,誰もが欲しがる
covetous,強欲な
covey,コヴィー
cow,牛
coward,臆病者
cowardice,臆病
cowardly,臆病な
cowboy,カウボーイ
cowed,cowed
cower,ちぢこまる
cowherd,牛飼い
cowl,カウル
coworker,同僚
cowrie,コヤスガイ
cowslip,キバナノクリンザクラ
cox,コックス
Coxnet,Coxnet
coy,恥ずかしがりの
coyly,恥ずかしそうに
coyote,コヨーテ
coz,because
cozy,居心地のよい　
CP,CP
CPI,CPI
CPR,CPR
CPU,CPU
Cr,クロム
crab,カニ
crabby,気難しい
crack,亀裂
crackdown,取り締まり
cracked,ひびの入った
cracker,クラッカー
crackerjack,極上品
crackle,クラックル
crackpot,気違い
cradle,クレードル
craft,クラフト
craftsman,職人
craftsmanship,職人の技
crafty,狡猾な
crag,険しい岩山
craggy,ゴツゴツした
Craig,クレイグ
cram,詰め込む
cramp,足が攣る(つる)
cramped,足がつった
cranberry,クランベリー
crane,ツル
cranial,頭蓋の
cranium,頭蓋
crank,クランク
cranky,気難しい　
cranny,割れ目
crap,ごみ
crape,ちりめん
crappy,くだらない　
crapshoot,crapshoot
crash,クラッシュ
crass,粗野な
crate,クレート
crater,クレーター
crave,切望する
craven,臆病な
craving,渇望
craw,胃袋
crawfish,伊勢エビ
crawl,クロール
crawler,クローラー
crayfish,伊勢エビ
crayon,クレヨン
craze,流行
crazed,気の狂った
crazier,スゴい
crazily,夢中になって
craziness,狂気
crazy,クレイジー
creak,きしみ
creaky,老朽化した
cream,クリーム
creamer,クリーマー
creamy,クリーミー
crease,しわ
create,作る
creating,作成
creatinine,クレアチニン
creation,創造
creationism,創造説
creationist,創造
creative,クリエイティブ
creatively,創造的に
creativity,創造性
creator,クリエイター
creature,生き物
credence,信憑
credential,資格
credentials,証明
credibility,信頼性
credible,信用できる
credit,クレジット
creditor,債権者
credo,信条
credulity,盲信
credulous,だまされやすい　
creed,信条
creek,小川
creel,クリール
creep,クリープ
creeped,ぞっとする
creeper,クリーパー
creepy,気味悪い　
cremated,火葬
cremation,火葬
crematorium,火葬場
crenellated,ギザギザのある
Creole,クレオール語
crepe,クレープ
crescendo,クレッシェンド
crescent,三日月形
cresol,クレゾール
crest,クレスト
crested,とさかのある
crestfallen,意気消沈した
Cretaceous,白亜紀
Cretan,クレタ島の
Crete,クレタ島
crevice,クレバス
crew,クルー
crewman,乗組員
crib,盗用
cribbage,クリベッジ
crick,筋を違える
cricket,クリケット
cried,泣いた 
crier,泣き虫
crime,犯罪
criminal,犯罪者
criminality,犯罪行為
criminalize,犯罪
criminally,犯罪的に
criminologist,犯罪学者
criminology,犯罪学
crimp,ひだ
crimson,真紅
cringe,すくむ
crinkle,しわ
crinoline,クリノリン
cripple,不具
crippling,壊滅
crisis,危機
crisp,さわやかな
crisply,歯切れよく
crispy,クリスピー
crisscross,十字形
criteria,基準
criterion,基準
critic,評論家
critical,クリティカル
criticality,臨界
critically,批判的に
criticise,批判する
criticism,批判
criticize,批判する
critique,批評
critter,生き物
CRNA,CRNA 
croak,しわがれ声
Croat,クロアチア人
Croatia,クロアチア
Croatian,クロアチア語
crochet,かぎ針編み
crock,つぼ
crockery,瀬戸物
crocodile,ワニ
crocus,クロッカス
Crohn,クローン
croissant,クロワッサン
Cromwell,クロムウェル
crone,老婦人
crony,旧友
cronyism,縁故主義
crook,悪党
crooked,ゆがんだ
croon,センチメンタルに歌う
crooner,クルーナー
crop,作物
croquet,クロケット
cross,クロス
crossbow,石弓
crossfire,十字砲火
crosshatch,クロスハッチ
crossing,交差点
crosslink,架橋
crossover,クロスオーバー
crossroad,十字路
crossroads,十字路
crosswalk,横断歩道
crosswise,十字に
crossword,クロスワード
crotch,股
crotchety,稀代の
crouch,しゃがむ
croup,クループ
croupier,ディーラー
crouton,クルトン
crow,カラス
crowbar,バール
crowd,群衆
crowded,混雑した
crown,クラウン
crowning,戴冠
crucial,決定的な
crucially,決定的に
crucible,るつぼ
crucified,十字架につけられ
crucifix,十字架
crucifixion,はりつけ
crucify,張り付けにする
crud,CRUD
crude,原油
crudely,粗野に
cruel,残酷な
cruelest,悲惨な
cruelly,残酷に
cruelty,残虐
cruise,クルーズ
cruiser,クルーザー
cruising,クルージング
crumb,パンくず
crumble,崩れる
crumbly,もろい　
crummy,安っぽい　
crumpet,クランペット
crumple,しわくちゃになる
crunch,クランチ
crunchy,健康志向の
crus,下腿
crusade,十字軍
crusader,クルセイダー
cruse,小形のつぼ
crush,クラッシュ
crushing,押しつぶす
crust,地殻
crustacean,甲殻類
crusty,無愛想な
crutch,松葉杖
crux,最も重要な点
Cruz,クルス
cry,叫び
crying,号泣
cryonic,冷凍保存
cryostat,クライオスタット
crypt,地下室
cryptic,不可解な
cryptography,暗号学
cryptosporidiosis,クリプトスポリジウム症
crystal,クリスタル
crystalline,結晶の
crystallization,結晶化
crystallize,結晶化する
CSN,CSN
CT,CT
CTBT,CTBT
CTC,CTC
Cu,銅
cub,カブ
Cuba,キューバ
Cuban,キューバの
cubbyhole,こじんまりした場所
cube,キューブ
cubic,キュービック
cubicle,キュービクル
cubism,キュビズム
cubist,キュビズムの
cuckoo,カッコウ
cucumber,キュウリ
cud,食い戻し
cuddle,寄り添う
cuddly,かわいい　
cudgel,棍棒
cue,キュー
cuff,カフ
cuisine,料理
culinary,料理の
cull,カル
cullin,カリン
culminate,絶頂に達する
culmination,最高点
culpable,責められるべき
culprit,問題の原因
cult,カルト
cultivar,栽培品種
cultivate,育てる
cultivation,栽培
cultural,文化的
culturally,文化的に
culture,文化
culturebox,culturebox
cultured,培養された
culvert,カルバート
cum,精液
Cumberland,カンバーランド
cumbersome,面倒な
cumin,クミン
Cumming,カミング
cumulative,累積的な
cumulus,積雲
cuneiform,楔形文字
cunning,狡猾な
Cunningham,カニンガム
cup,カップ
cupboard,食器棚
cupcake,カップケーキ
cupid,キューピッド
cupola,キューポラ
cur,そっけない
curable,治癒できる
curated,精選
curation,キュレーション
curative,治癒的な
curator,キュレーター
curb,縁石
curbside,縁石側の
curd,カード
curdle,凝固させる
cure,治療法
curfew,門限
curie,キュリー
curio,骨董品
curiosity,好奇心
curious,奇妙
curiously,不思議なことに
curl,カール
curler,カーラー
curlicue,渦巻き図形
curling,カーリング
curly,縮れた
curmudgeon,意地の悪い人
currant,スグリ
currency,通貨
current,電流
currently,現在
curriculum,カリキュラム
Currie,カリー
curry,カレー
curse,呪い
cursed,のろわれた
cursing,のろい　
cursor,カーソル
cursorily,苦労することなく
cursory,ぞんざいな
curt,素っ気ない
curtail,抑える
curtain,カーテン
curvaceous,曲線美の
curvature,曲率
curve,カーブ
curved,湾曲した
curvilinear,曲線の
curvy,曲がりくねった
cus,CUS
cushion,クッション
cushy,楽な
cusp,カスプ
cuspid,犬歯
cuss,悪口
custard,カスタード
custodial,保管の
custodian,管理人
custody,親権
custom,カスタム
customarily,通例
customary,慣用
customer,顧客
customization,カスタム化
customize,カスタマイズ
cut,カット
cutaneous,皮膚の
cutaway,断面図
cutback,減らす
cute,可愛い　
cuteness,可愛らしい
cuter,25セント
cutest,かわいい　
cutesy,かわい子ぶった 
cuticle,キューティクル
cutie,キューティー
cutlass,カトラス
cutler,カトラー
cutlery,カトラリー
cutoff,断つ
cutout,切り取る
cutpoint,カットポイント
cutter,カッター
cutthroat,熾烈な
cutting,切断
CUUS,CUUS
CUZ,CUZ
CV,CV
CWC,CWC
CY,CY
cyan,シアン
cyanide,シアン化物
cyanobacteria,シアノバクテリア
cyanobacterial,藍色細菌の
cyber,サイバー
cybercafe,サイバーカフェ
cybernetics,サイバネティックス
cyberpunk,サイバーパンク
cyberspace,サイバースペース
cyborg,サイボーグ
cyclase,シクラーゼ
cycle,サイクル
cycled,循環
cycler,サイクラー
cyclic,サイクリック
cyclical,循環
cyclin,サイクリン
cycling,サイクリング
cyclist,サイクリスト
cycloheximide,シクロヘキシミド
cyclone,サイクロン
cyclooxygenase,シクロオキシゲナーゼ
Cyclops,キュクロプス
cygnus,白鳥座
cylinder,シリンダー
cylindrical,円筒形
cymbal,シンバル
cynic,皮肉屋
cynical,シニカル
cynically,皮肉なことに
cynicism,皮肉
Cynthia,シンシア
cypress,サイプレス
Cyprus,キプロス
Cyrillic,キリル文字
cyst,嚢胞(のうほう)
cysteine,システイン
cysteinyl,システイニル
cystic,嚢胞性の
cytarabine,シタラビン
Cyth,Cyth
cytochalasin,サイトカラシン
cytochrome,シトクロム
cytogenetic,細胞遺伝学的
cytokeratin,サイトケラチン
Cytokine,サイトカイン
cytokinesis,細胞質分裂
Cytokinin,サイトカイニン
cytological,細胞学的な
cytology,細胞学
cytomegalovirus,サイトメガロウイルス
cytometer,血球計算器
cytometric,サイトメトリー
cytometry,血球数測定
cytoplasm,細胞質
cytoplasmic,細胞質の
cytosine,シトシン
cytoskeletal,細胞骨格の
cytoskeleton,細胞骨格
cytosol,細胞質ゾル
cytosolic,細胞質の
cytotoxic,細胞傷害性の
cytotoxicity,細胞毒性
cytotrophoblast,細胞栄養芽層
Czar,皇帝
Czech,チェコ
Czechoslovakia,チェコスロバキア
