d,d
DA,DA
dab,Œy‚­‚½‚½‚­
dabble,‚¿‚å‚Á‚©‚¢
dabbler,ƒJƒ‚(’¹)
dachshund,ƒ_ƒbƒNƒXƒtƒ“ƒg
dad,‚¨•ƒ‚³‚ñ
dada,ƒ_ƒ_
daddy,ƒpƒp
daemon,ƒf[ƒ‚ƒ“
daffodil,…å
daffy,ƒ_ƒtƒB[
daft,ƒ_ƒtƒg
dagger,ƒ_ƒK[
dahlia,ƒ_ƒŠƒA
daily,“úX
Daimler,ƒ_ƒCƒ€ƒ‰[
Daimlerchrysler,ƒ_ƒCƒ€ƒ‰[?ƒNƒ‰ƒCƒXƒ‰[
daintily,daintily
dainty,‚«‚á‚µ‚á‚È
dairy,“û»•i
dais,‚À
daisy,ƒfƒCƒW[
Dako,ƒ_ƒR
Dakota,ƒ_ƒRƒ^
dale,ƒf[ƒ‹
Dali,ƒ_ƒŠ
Dallas,ƒ_ƒ‰ƒX
dalliance,‹Y‚ê
dally,ƒ_ƒŠ
Dalmatian,ƒ_ƒ‹ƒƒVƒAƒ“
dam,ƒ_ƒ€
damage,ƒ_ƒ[ƒW
damaged,‘¹‚ğó‚¯‚½
damages,‘¹ŠQ”…Šz
damaging,‘¹ŠQ‚ğ—^‚¦‚é
Damascus,ƒ_ƒ}ƒXƒJƒX
Damask,ƒ_ƒ}ƒXƒN
dame,ƒfƒCƒ€
damm,ƒ_ƒ€
Damme,ƒ_ƒ€
dammit,‚­‚»
damn,‚­‚»[
damnable,“V”±‚ª‰º‚é
damnation,“V”±
damned,‚Ì‚ë‚í‚ê‚½
damnedest,Å‘åŒÀ
damning,ˆ«–‚ğØ–¾‚·‚é
damnit,’{¶
Damon,ƒfƒCƒ‚ƒ“
damp,¼‚Á‚½
dampen,¼‚ç‚¹‚é
damper,ƒ_ƒ“ƒp[
dampness,¼‹C
damsel,‰³—
damselfly,ƒCƒgƒgƒ“ƒ{
Dan,ƒ_ƒ“
Dana,ƒ_ƒi
dance,ƒ_ƒ“ƒX
danced,—x‚Á
dancer,ƒ_ƒ“ƒT[
dancing,ƒ_ƒ“ƒX
dandelion,ƒ^ƒ“ƒ|ƒ|
dander,‚Ó‚¯
dandruff,‚Ó‚¯
dandy,ƒ_ƒ“ƒfƒB
Dane,ƒf[ƒ“
danger,ŠëŒ¯
dangerous,ŠëŒ¯‚È
dangerously,ŠëŒ¯‚È‚Ù‚Ç
dangle,‚Ô‚ç‰º‚°‚é
Daniel,ƒ_ƒjƒGƒ‹
Danish,ƒfƒ“ƒ}[ƒNŒê
dank,‚¶‚ß‚¶‚ß‚µ‚½
Danny,ƒ_ƒj[
Dante,ƒ_ƒ“ƒe
Danube,ƒhƒiƒEì
Danzig,ƒ_ƒ“ƒ`ƒq
dap,dap
Daphne,ƒ_ƒtƒl
daphnid,ƒ~ƒWƒ“ƒR
dapper,ˆ‚È
dapple,‚Ü‚¾‚ç
dappled,‚Ü‚¾‚ç–Í—l‚Ì
dare,’§í
daredevil,–½’m‚ç‚¸
daring,‘å’_‚È
Darjeeling,ƒ_[ƒWƒŠƒ“
dark,ˆÃ‚¢@
darken,ˆÃ‚­‚·‚é
darkened,ˆÃ‚¢@
darker,ˆÃ‚¢@
darkest,Å‚àˆÃ‚¢@
darkly,ˆÃ‚­
darkness,ˆÅ
darkroom,ˆÃ‚¢•”‰®
darling,ƒ_[ƒŠƒ“
darn,‚©‚ª‚é
darned,‚Æ‚Ñ‚«‚è
dart,ƒ_[ƒc
darted,ƒ_[ƒc‚Ì
Dartmouth,ƒ_[ƒgƒ}ƒX
Darwin,ƒ_[ƒEƒBƒ“
darwinism,ƒ_[ƒEƒBƒjƒYƒ€
dash,ƒ_ƒbƒVƒ…
dashboard,ƒ_ƒbƒVƒ…ƒ{[ƒh
dastardly,”Ú—ò‚È
DAT,DAT
data,ƒf[ƒ^
databank,ƒf[ƒ^ƒoƒ“ƒN
database,ƒf[ƒ^ƒx[ƒX
dataset,ƒf[ƒ^ƒZƒbƒg
date,“ú•t
dateline,“ú•t•ÏXü
dating,”N‘ã‘ª’è
dative,—^Ši
daub,“h‚è‚Â‚Ô‚·
daughter,–º
daunt,ˆĞˆ³‚·‚é
daunting,è‚²‚í‚¢@
Dave,ƒfƒCƒu
davenport,ƒ_ƒxƒ“ƒ|[ƒg
Davis,ƒfƒCƒrƒX
davit,ƒ_ƒrƒbƒg
dawdle,‚®‚¸‚®‚¸‚·‚é
dawg,’‡‚Ì—Ç‚¢—F’B
dawn,–é–¾‚¯
dawned,–é‚ª–¾‚¯‚½
day,“ú
daybreak,–é–¾‚¯
daycare,ƒfƒCƒPƒA
daydream,”’’‹–²
daylight,“úŒõ
daylong,I“ú
days,“ú
daytime,’‹ŠÔ
Dayton,ƒfƒCƒgƒ“
Daytona,ƒfƒCƒgƒi
daze,–²’†
dazed,‚Ú‚¤‚º‚ñ‚Æ‚µ‚½
dazzle,‚Ü‚Ô‚µ‚³
dazzling,á¿‚µ‚¢@
DB,DB
DC,DC
DDT,DDT
DE,DE
deacetylase,’EƒAƒZƒ`ƒ‹‰»y‘f
deacon,·–
deaconess,•òd‚·‚é—«
deactivate,”ñŠˆ«‰»‚·‚é
dead,€‚ñ‚¾
deadbeat,Ø‹à‚ğ“¥‚İ“|‚·l
deaden,˜a‚ç‚°‚é
deadliest,Åˆ«
deadline,’÷‚ßØ‚è
deadlock,ƒfƒbƒhƒƒbƒN
deadly,’v–½“I‚È
deadpan,–³•\î‚È
deadwood,ŒÍ‚ê–Ø
deaf,deaf
deafen,’®Šo‚ğ’D‚¤
deafness,“ï’®
deal,æˆø
dealer,ƒfƒB[ƒ‰[
dealership,”Ì”„“Á–ñ“X
dealing,æˆø
dealings,æˆø
deaminase,ƒfƒAƒ~ƒi[ƒ[
dean,Šw•”’·
dear,‚©‚í‚¢‚¢@
dearest,Åˆ¤
dearie,ƒfƒBƒAƒŠ[
dearly,S‚©‚ç
dearth,•s‘«
death,€
deathbed,—ÕI
deathly,€l‚Ì‚æ‚¤‚É
deb,deb
debacle,‘å¸”s
debase,—‚Æ‚·
debased,•Ï‘¢
debasement,•Ï‘¢
debatable,‹c˜_‚Ì—]’n‚Ì‚ ‚é
debate,ƒfƒBƒx[ƒg
debater,“¢˜_Ò
debauchery,“¹Šy
debby,ĞŒğŠE‚Ìá‚¢—
debilitating,Šã‚³‚¹‚é
debility,Šã
debit,Ø•û
debonair,ˆ¤‘z‚Ì‚¢‚¢
Deborah,ƒfƒ{ƒ‰
Debra,ƒfƒuƒ‰
debrief,•ñ‚ğó‚¯‚é
debris,”j•Ğ
debt,Ø‹à
debtor,Â–±Ò
debug,ƒfƒoƒbƒO
debunk,–\‚­
debunked,–\‚©‚ê‚½ 
Debussy,ƒhƒrƒ…ƒbƒV[
debut,ƒfƒrƒ…[
debutante,ƒfƒrƒ…ƒ^ƒ“ƒg
Dec,12Œ
decade,10”N
decadence,ƒfƒJƒ_ƒ“ƒX
decadent,‘Ş”p“I‚È
decaf,ƒJƒtƒFƒCƒ“”²‚«‚ÌƒR[ƒq[
decal,ƒfƒJ[ƒ‹
decamp,–§‚©‚É“¦–S‚·‚é
decant,ƒfƒJƒ“ƒg
decanter,ƒfƒJƒ“ƒ^[
decapitate,ñ‚ğØ‚é
decapitated,’f“ª
decapitation,’f“ªp
decarboxylase,ƒfƒJƒ‹ƒ{ƒLƒVƒ‰[ƒ[
decay,•ö‰ó
decayed,•…‚Á‚½
Deccan,ƒfƒJƒ“
decease,€–S
deceased,ŒÌl
deceit,¼‹\
deceitful,‚¤‚»‚Â‚«‚Ì
deceive,‹\‚­
deceiver,¼‹\t
decelerate,Œ¸‘¬‚·‚é
December,12Œ
decency,—Ç¯
decennial,10”NŠÔ‚Ì
decent,‚Ü‚Æ‚à‚È
decently,‚«‚¿‚ñ‚Æ
decentralization,’n•û•ªŒ ‰»
decentralize,•ªU‰»‚·‚é
decentralized,•ªŒ “I
deception,‚²‚Ü‚©‚µ
deceptive,‹\áÔ
deceptively,ˆêŒ©
decibel,ƒfƒVƒxƒ‹
decide,Œˆ‚ß‚é
decidedly,–¾‚ç‚©‚É
decidual,’E—–Œ
deciduous,——t«‚Ì
decimal,10i”
decimate,ƒfƒVƒ[ƒVƒ‡ƒ“
decipher,‰ğ“Ç
deciphered,‰ğ“Ç
decision,Œˆ’è
decisionmake,decisionmake
decisionmaker,decisionmaker
decisive,Œˆ’è“I
decisively,Œˆ’è“I‚É
deck,ƒfƒbƒL
deckhand,b”Âˆõ
declaim,æ}æu‚·‚é
declaration,éŒ¾
declarative,éŒ¾‚Ì
declare,éŒ¾‚·‚é
declared,éŒ¾‚³‚ê‚½
declassified,‹@–§‰ğœ‚³‚ê‚½
declination,Š‘Ş
decline,‰º—
declining,Œ¸­
deco,ƒA[ƒ‹ƒfƒR
decoction,÷‚¶–ò
decode,ƒfƒR[ƒh
decoded,ƒfƒR[ƒh
decoder,ƒfƒR[ƒ_
decohere,decohere
decoherence,ƒfƒRƒq[ƒŒƒ“ƒX
decommission,”p~‚·‚é
decompose,•ª‰ğ‚·‚é
decomposition,•ª‰ğ
decongestant,[ŒŒœ‹Ü
deconstruct,•ª‰ğ‚·‚é
deconstructing,‰ğ‘Ì
deconstruction,’E\’z
decontrol,“§‰ğœ
deconvolution,ƒfƒRƒ“ƒ{ƒŠƒ…[ƒVƒ‡ƒ“
decor,‘•ü
decorate,ü‚é
decoration,‘•ü
decorative,‘•ü“I‚È
decorator,‘•üÒ
decorous,ã•i‚È
decorum,—ç‹Vì–@
decoy,‚¨‚Æ‚è
decrease,Œ¸­
decree,–@—ß
decrement,ƒfƒNƒŠƒƒ“ƒg
decrepit,˜V‹€‰»‚µ‚½
decrepitude,˜VŠ
decriminalization,”ñ”Æß‰»
decriminalize,”ñ”Æß‰»‚·‚é
decry,”ñ“ï‚·‚é
decrypt,‰ğ“Ç‚·‚é
dedicate,‚³‚³‚°‚é
dedicated,ê—p‚Ì
dedication,Œ£g
deduce,„˜_‚·‚é
deduced,„’è‚³‚ê‚é
deduct,·‚µˆø‚­
deductible,Tœ‚Å‚«‚é 
deduction,Tœ
deed,Ø‘
deejay,ƒfƒBƒXƒNƒWƒ‡ƒbƒL[
deem,”»’f‚·‚é
deep,ƒfƒB[ƒv
deepen,[‚ß‚é
deeper,‚à‚Á‚Æ[‚­
deepest,Å[
deeply,[‚­
deer,­
def,ƒfƒt
deface,‘¹‚È‚¤
defamation,–¼—_šÊ‘¹
defamatory,’†“I‚È
defame,”îæ‚·‚é
default,ƒfƒtƒHƒ‹ƒg
defeat,”s–k
defeated,”sÒ
defeatist,”s–kå‹`Ò
defecate,”r•Ö‚·‚é
defect,Œ‡Š×
defection,–S–½
defective,•s—Ç•i
defector,–S–½Ò
defence,–h‰q
defend,ç‚é
defendant,”í
defender,ƒfƒBƒtƒFƒ“ƒ_[
defense,–h‰q
defenseless,–³–h”õ
defenseman,ƒfƒBƒtƒFƒ“ƒXƒ}ƒ“
defensible,–hŒä‚Å‚«‚é
defensive,ç”õ
defensively,–hŒä“I‚É
defer,‰„Šú‚·‚é
deference,•]
deferential,ŒhˆÓ‚ğ•\‚·‚é
deferment,‰„Šú
deferral,‰„Šú
defiance,”½R“I‚È‘Ô“x
defiant,”½R“I‚È
defiantly,‚Ó‚Ä‚­‚³‚ê‚Ä
defibrillator,œ×“®Ší
deficiency,Œ‡–RÇ
deficient,•s\•ª‚È
deficit,Ôš
defile,‰˜‚·
defilement,•sò
definable,’è‹`‚Å‚«‚é
define,’è‹`‚·‚é
definite,–¾Šm‚È
definitely,ŠÔˆá‚¢‚È‚­
definition,’è‹`
definitional,’è‹`‚Ì
definitive,Œˆ’è“I‚È
definitively,Œˆ’è“I‚É
deflate,ƒfƒtƒŒ[ƒg
deflation,ƒfƒtƒŒ
deflect,‚»‚ç‚·
deflection,‚½‚í‚İ
deforestation,X—Ñ”°Ì
deform,•ÏŒ`‚·‚é
deformation,•ÏŒ`
deformity,ŠïŒ`
defraud,‚¾‚Ü‚µæ‚é
defray,x•¥‚¤
defrost,‘šæ‚è
deft,Ší—p‚È
deftly,I‚İ‚É
defunct,–S‚«
defuse,æ‚èœ‚­
defy,‹t‚ç‚¤
deg,“x
degeneracy,ƒfƒWƒFƒlƒ‰ƒV[
degenerate,•Ï«
degeneration,•Ï«
degenerative,‘Şs«‚Ì
degradation,—ò‰»
degrade,•ª‰ğ‚·‚é
degraded,—ò‰»
degrading,•ª‰ğ
degree,“x
dehumanize,lŠÔ«‚ğ’D‚¤
dehydratase,ƒfƒqƒhƒ‰ƒ^[ƒ[
dehydrated,Š£‘‡
dehydration,’E…
dehydrogenase,ƒfƒqƒhƒƒQƒi[ƒ[
deign,’‚é
deionized,’EƒCƒIƒ“
deism,—_˜_
deity,_
dejected,ˆÓ‹CÁ’¾‚µ‚½
dejection,—’_
DeKalb,ƒfƒJƒ‹ƒu
Del,ƒfƒ‹
Delaware,ƒfƒ‰ƒEƒFƒA
delay,’x‰„
delectable,‚¨‚¢‚µ‚¢@
delegate,‘ã—l
delegated,ˆÏ”C‚³‚ê‚½
delegation,ˆÏ”C
delete,íœ‚·‚é
deleterious,—LŠQ‚È
deletion,íœ
delft,ƒfƒ‹ƒtƒg
Delhi,ƒfƒŠ[
deli,ƒfƒŠ
deliberate,ˆÓ}“I‚È
deliberately,ˆÓ}“I‚É
deliberation,R‹c
deliberative,R‹c
delicacy,’¿–¡
delicate,‘@×‚È
delicately,”÷–­‚É
delicatessen,ƒfƒŠƒJƒeƒbƒZƒ“
delicious,‚¨‚¢‚µ‚¢@
deliciously,‚¨‚¢‚µ‚­
delight,Šì‚Ñ
delighted,Šì‚ñ‚Å
delightedly,Šì‚ñ‚Å
delightful,Šy‚µ‚¢@
delightfully,Šy‚µ‚­
delimit,‹æØ‚é
delineate,•`‚­
delineated,•`Ê
delineation,•`Ê
delinquency,”ñs
delinquent,‘Ø”[Ò
delirious,ˆÓ¯‚ª¬‘÷‚µ‚½
deliriously,deliriously
delirium,æ–Ï
delist,ãê”p~
delisting,ãê”p~
deliver,”z’B‚·‚é
deliverance,‹~o
deliverer,”z’Bl
delivery,”z’B
Dell,ƒfƒ‹
Della,ƒfƒ‰
delta,ƒfƒ‹ƒ^
delude,˜f‚í‚·
deluded,— Ø‚ç‚ê‚½
deluge,‘å^…
delurk,delurk
delusion,–Ï‘z
delusional,–Ï‘z‚Ì
deluxe,ƒfƒ‰ƒbƒNƒX
delve,Œ@‚è‰º‚°‚é
demagogic,î“®“I‚È
demagogue,î“®­¡‰Æ
demagoguery,–¯Oî“®
demand,ù—v
demarcate,‹«ŠE‚ğ’è‚ß‚é
demarcation,•ªŠE
demarche,“]Š·ô
demean,‚¨‚Æ‚µ‚ß‚é
demeaning,‹üJ“I‚È
demeanor,•¨˜
demented,”­‹¶‚µ‚½
dementia,”F’mÇ
demerit,ƒfƒƒŠƒbƒg
Demeter,ƒfƒƒeƒ‹
demilitarize,demilitarize
demise,Ià
demo,ƒfƒ‚
democracy,–¯åå‹`
democrat,–¯å“}
democratic,–¯å“I‚È
democratically,–¯å“I‚É
democratization,–¯å‰»
democratize,–¯å‰»‚·‚é
demographic,lŒû“®‘Ô
demography,lŒûŠw
demolish,æ‚è‰ó‚·
demolition,æ‚è‰ó‚µ
demon,ˆ«–‚
demonic,ˆ«–‚‚Ì‚æ‚¤‚È
demonize,ˆ«–‚‰»‚·‚é
demonizing,ˆ«–‚
demonology,ˆ«–‚Œ¤‹†
demonstrable,ÀØ‚Å‚«‚é
demonstrably,–¾‚ç‚©‚É
demonstrate,ÀØ‚·‚é
demonstrating,ÀØ
demonstration,ƒfƒ‚
demonstrative,—áØ“I‚È
demonstrator,ƒfƒ‚ƒ“ƒXƒgƒŒ[ƒ^[
demony,demony
demoralize,m‹C‚ğ‚­‚¶‚­
demoralized,ˆÓ‹CÁ’¾
demote,~Ši
demotic,–¯O‚Ì
demotion,~Ši
demur,Œˆ’è‚ğ—¯•Û‚·‚é
demure,‚¨‚Æ‚È‚µ‚»‚¤‚È
demurely,T‚¦‚ß‚É
demurral,ˆÙ‹c\‚µ—§‚Ä
demystify,‚È‚¼‚ğ‰ğ‚­
den,ƒfƒ“
denaturation,•Ï«
denature,•Ï«
denatured,•Ï«‚µ‚½
dendrite,÷ó“Ë‹N
dendritic,÷ó
dendrogram,Œn“÷
Deneb,ƒfƒlƒu
Deng,î¬•½
dengue,ƒfƒ“ƒO”M
denial,‹‘”Û
denigrate,•J‚·‚é
denigration,’†
denim,ƒfƒjƒ€
denizen,‹ZÒ
Denmark,ƒfƒ“ƒ}[ƒN
Dennis,ƒfƒjƒX
denomination,@”h
denominator,•ª•ê
denotation,‹L†
denote,¦‚·
denoted,•\‹L
denouement,Œ‹––
denounce,”ñ“ï‚·‚é
dense,–§W
densely,–§
denser,‚æ‚èãk–§
density,–§“x
dent,‚Ö‚±‚İ
dental,ƒfƒ“ƒ^ƒ‹
dented,‚Â‚¢‚½
dentist,•‰Èˆã
dentistry,•‰È
denture,‹`•
denunciation,”ñ“ï
Denver,ƒfƒ“ƒo[
deny,”Û’è‚·‚é
deodorant,ƒfƒIƒhƒ‰ƒ“ƒg
depart,o”­‚·‚é
department,•”–å
departmental,•”–å•Ê‚Ì
departure,o”­
depend,¶‰E‚³‚ê‚é
dependable,M—Š‚Å‚«‚é
dependant,ˆË‘¶
dependence,ˆË‘¶«
dependency,ˆË‘¶ŠÖŒW
dependent,ˆË‘¶
dephosphorylated,’EƒŠƒ“_‰»
dephosphorylation,’EƒŠƒ“_‰»
depict,•`‚­
depiction,•`Ê
deplete,ŒÍŠ‰‚³‚¹‚é
depletion,ŒÍŠ‰
deplorable,’Q‚©‚í‚µ‚¢@
deplore,’Q‚­
deplored,’Q‚¢‚½
deploy,“WŠJ‚·‚é
deployment,“WŠJ
depolarization,’E•ª‹É
depolarize,’E•ª‹É
deport,’Ç•ú‚·‚é
deportation,‘ŠO’Ç•ú
deportee,”í’Ç•úÒ
depose,ØŒ¾‚·‚é
deposit,—a‹à
deposition,‘ÍÏ
depositor,—a‹àÒ
depository,•ÛŠÇêŠ
depot,ƒfƒ|
depraved,‘Â—‚µ‚½
depravity,‘Â—
depreciate,Œ¸‰¿‹p‚·‚é
depreciation,Œ¸‰¿‹p”ï
depress,Š‚¦‚³‚¹‚é
depressed,‰Ÿ‚µ‰º‚°‚ç‚ê‚½
depressing,—JŸT‚È
depression,‚¤‚Â•a
depressive,—JŸT‚È
deprivation,”’D
deprive,’D‚¤
dept,dept
depth,[‚³
depths,‚Ç‚ñ’ê
deputy,•›
derail,’Eü‚³‚¹‚é
derailment,’Eü
deranged,—‚ê‚½
derangement,ö—
deregulate,‹K§ŠÉ˜a
deregulation,‹K§“P”p
derelict,ˆâŠü‚³‚ê‚½
deride,‚ ‚´Î‚¤
derision,—âÎ
derisive,—âÎ“I‚È
derivation,—U“±
derivative,ƒfƒŠƒoƒeƒBƒu
derive,ˆø‚«o‚·
dermal,^”ç‚Ì
dermatitis,”ç•†‰Š
dermatologist,”ç•†‰Èˆã
dermatology,”ç•†‰È
derogatory,Œy•Ì“I‚È
derrick,ƒfƒŠƒbƒN
descend,~‚é
descendant,q‘·
descendent,q‘·
descent,‰º~
describe,à–¾‚·‚é
description,à–¾
descriptive,à–¾‚·‚é
descriptor,‹Lqq
desecrate,–`‚Æ‚­‚·‚é
desecration,–`“À
desegregate,desegregate
desegregation,lí·•Ê”p~
desensitization,’mŠo“İ–ƒ
desensitize,’EŠ´ì
desert,»”™
deserter,’E‘–•º
desertion,’E‘–
deserve,’l‚·‚é
deserving,’l‚·‚é
desiccated,Š£‘‡‚µ‚½
design,İŒv
designate,w’è‚·‚é
designated,w’è‚³‚ê‚½
designation,w’è
designator,w–¼Ò
designed,İŒv
designer,ƒfƒUƒCƒi[
designing,İŒv
desirability,–]‚Ü‚µ‚³
desirable,–]‚Ü‚µ‚¢
desire,—~‹
desirous,–]‚ñ‚Å
desist,‚â‚ß‚é
desk,ƒfƒXƒN
desktop,ƒfƒXƒNƒgƒbƒv
desolate,r—Á‚Æ‚µ‚½
desolation,ŒÇ“Æ
despair,â–]
despairing,â–]‚µ‚½
despatch,‹}‘—
desperado,ƒfƒXƒyƒ‰[ƒh
desperate,â–]“I‚È
desperately,•K€‚É
desperation,â–]
despicable,”Ú—ò‚È
despise,Œy•Ì‚·‚é
despite,‚É‚à‚©‚©‚í‚ç‚¸
despond,‚Ó‚³‚¬‚Ş
despondency,—’_
despondent,ˆÓ‹CÁ’¾‚µ‚½
despot,ê§ŒNå
despotic,ê§“I‚È
despotism,ê§
dessert,ƒfƒU[ƒg
destabilize,•sˆÀ’è‰»‚·‚é
destabilized,•sˆÀ’è‚È
destabilizing,•sˆÀ’è‚È
destination,æ
destine,destine
destined,‰^–½‚É
destiny,‰^–½
destitute,‹É•n‚Ì
destroy,”j‰ó‚·‚é
destroyer,‹ì’€ŠÍ
destruct,©”š
destruction,”j‰ó
destructive,”j‰ó“I‚È
desultory,‚Æ‚è‚Æ‚ß‚Ì‚È‚¢
detach,ƒfƒ^ƒbƒ`
detachable,æ‚èŠO‚µ‰Â”\‚È
detachment,•ª—£
detail,Ú×
detailed,Ú‚µ‚¢@
detain,S—¯‚·‚é
detainee,—}—¯Ò
detect,ŒŸo
detectable,ŒŸo‰Â”\‚È
detection,ŒŸo
detective,’T’ã
detector,ŒŸoŠí
detente,‹Ù’£ŠÉ˜a
detention,S—¯
deter,‘j~‚·‚é
detergent,ôÜ
deteriorate,ˆ«‰»‚·‚é
deterioration,—ò‰»
determinable,Œˆ’è‚Å‚«‚é
determinant,s—ñ®
determinate,Œˆ’è“I‚È
determination,ŒˆˆÓ
determine,Œˆ’è‚·‚é
determined,Œˆ’è
determinedly,’fŒÅ‚Æ‚µ‚Ä
determinism,Œˆ’è˜_
deterministic,Œˆ’è˜_“I‚È
deterrence,—}~—Í
deterrent,—}~‚·‚é
detest,‘‚Ş
dethrone,‘ŞˆÊ‚³‚¹‚é
detonate,”š”­‚³‚¹‚é
detonated,”š”­
detonation,”š”­
detour,‰ñ‚è“¹
detox,ƒfƒgƒbƒNƒX
detoxification,‰ğ“Å
detract,‘¹‚È‚¤
detractor,’†
detriment,‘¹ŠQ
detrimental,—LŠQ‚È
detritus,cŠ[
Detroit,ƒfƒgƒƒCƒg
deuce,ƒfƒ…[ƒX
Deus,ƒfƒEƒX
Deutsch,ƒhƒCƒc
Deutsche,ƒhƒCƒc
Deutschland,ƒhƒCƒc
deux,“ñ‚Â
devaluation,•½‰¿Ø‰º‚°
devalue,Ø‚è‰º‚°‚é
devastate,r”p‚³‚¹‚é
devastating,‰ó–Å“I‚È
devastation,r”p
develop,ŠJ”­‚·‚é
developed,”­’B‚µ‚½
developer,ŠJ”­Ò
developing,ŠJ”­“rã‚É‚ ‚é
development,ŠJ”­
developmental,”­¶‚Ì
developmentally,”­’B
deviance,ˆí’E
deviant,ˆí’E‚µ‚½
deviate,ŠO‚ê‚é
deviation,•Î·
device,ƒfƒoƒCƒX
devil,ˆ«–‚
devilish,ˆ«–‚‚Ì‚æ‚¤‚È
devious,‚æ‚±‚µ‚Ü‚È
devise,lˆÄ‚·‚é
devoid,Œ‡‚¯‚Ä‚¢‚é
devolution,‘Ş‰»
devolve,ˆÚ‚é
devolved,Œ ŒÀ‚ğˆÏ÷‚³‚ê‚½
devote,‚³‚³‚°‚é
devoted,Œ£g“I‚È
devotee,MÒ
devotion,Œ£g
devour,H‚¢“ü‚é‚æ‚¤‚ÉŒ©‚é
devout,Œh‚¯‚ñ‚È
devoutly,”MS
dew,˜I
dewy,˜I‚É‚Ê‚ê‚½
dexamethasone,ƒfƒLƒTƒƒ^ƒ]ƒ“
dexter,ƒfƒNƒXƒ^[
dexterity,Ší—p‚³
dexterous,Ší—p‚È
dextran,ƒfƒLƒXƒgƒ‰ƒ“
dextrose,ƒuƒhƒE“œ
Dharma,ƒ_[ƒ}
DI,DI
dia,DIA
diabetes,“œ”A•a
diabetic,“œ”A•aŠ³Ò
diabolical,ˆ«–‚‚Ì‚æ‚¤‚È
diadem,‰¤Š¥
diagnose,f’f‚·‚é
diagnosis,f’f
diagnostic,f’f
diagonal,‘ÎŠpü
diagonally,Î‚ß‚É
diagram,ƒ_ƒCƒAƒOƒ‰ƒ€
dial,ƒ_ƒCƒ„ƒ‹
dialect,•ûŒ¾
dialectic,•ÙØ–@
dialed,ƒ_ƒCƒ„ƒ‹‚³‚ê‚½
dialing,ƒ_ƒCƒ„ƒ‹
dialog,ƒ_ƒCƒAƒƒO
dialogue,‘Î˜b
dialysis,“§Í
dialyzed,“§Í
diameter,’¼Œa
diametrically,³”½‘Î‚É
diaminobenzidine,ƒWƒAƒ~ƒmƒxƒ“ƒWƒWƒ“
diamond,ƒ_ƒCƒ„ƒ‚ƒ“ƒh
Diamondback,Diamondback
Diana,ƒ_ƒCƒAƒi
Diane,ƒ_ƒCƒAƒ“
Dianne,ƒ_ƒCƒAƒ“
diapause,‹x–°
diaper,‚¨‚Ş‚Â
diaphanous,“§‚¯‚ÄŒ©‚¦‚é
diaphragm,ƒ_ƒCƒAƒtƒ‰ƒ€
diarrhea,‰º—Ÿ
diarrhoea,‰º—Ÿ
diary,“ú‹L
diaspora,ƒfƒBƒAƒXƒ|ƒ‰
diastolic,Šg’£Šú
diatom,Œ]‘”
diatribe,’É—ó‚È”ñ“ï
Diaz,ƒfƒBƒAƒX
diazepam,ƒWƒAƒ[ƒpƒ€
DIB,DIB
dibasic,“ñ‰–Šî
dice,ƒTƒCƒRƒ
diced,ƒ_ƒCƒXƒJƒbƒg
dicer,ƒ_ƒCƒT[
dicey,ŠëŒ¯‚È
dichotomous,“ñ•ª‚·‚é
dichotomy,“ñ•ª–@
Dick,ƒfƒBƒbƒN
dickens,ƒfƒBƒPƒ“ƒY
dickey,ƒfƒBƒbƒL[
Dickinson,ƒfƒBƒLƒ“ƒ\ƒ“
dictate,Œˆ’è‚·‚é
dictation,ƒfƒBƒNƒe[ƒVƒ‡ƒ“
dictator,“ÆÙÒ
dictatorial,“ÆÙ
dictatorship,“ÆÙ
diction,Œ¾—tŒ­‚¢
dictionary,«‘
dictum,ŠiŒ¾
dictyostelium,ƒ^ƒ}ƒzƒRƒŠƒJƒr
didactic,‹³ŒP“I‚È
didn,didn't
die,€‚Ê
Diego,ƒfƒBƒGƒS
diehard,ŠæŒÅ‚È
dielectric,—U“d‘Ì
diesel,ƒfƒB[ƒ[ƒ‹
diet,ƒ_ƒCƒGƒbƒg
dietary,H–‚Ì
dietetic,‰h—{‚Ì
dietician,‰h—{m
dieting,ƒ_ƒCƒGƒbƒg
dietitian,‰h—{m
diff,·•ª
differ,ˆÙ‚È‚é
difference,ˆá‚¢
different,ˆÙ‚È‚é
differential,·“®
differentially,ˆÙ‚È‚Á‚Ä
differentiate,‹æ•Ê‚·‚é
differentiated,•ª‰»‚µ‚½
differentiation,•ª‰»
differently,ˆÙ‚È‚Á‚Ä
difficult,“ï‚µ‚¢
difficulty,¢“ï
diffidence,‰“—¶‚ª‚¿
diffident,‹CŒã‚ê‚·‚é
diffidently,diffidently
diffraction,‰ñÜ
diffuse,ŠgU‚·‚é
diffused,ŠgU
diffusion,ŠgU
difluoride,“ñƒtƒb‰»
dig,Œ@‚é
digest,ƒ_ƒCƒWƒFƒXƒg
digestible,Á‰»
digestion,Á‰»
digestive,Á‰»‚Ì
digger,ƒfƒBƒK[
digging,ŠJí
digit,”š
digital,ƒfƒWƒ^ƒ‹
digitally,ƒfƒWƒ^ƒ‹ˆ—‚Å
digitize,ƒfƒWƒ^ƒ‹‰»‚·‚é
digitized,ƒfƒWƒ^ƒ‹‰»‚³‚ê‚½
dignified,ˆĞŒµ‚Ì‚ ‚é
dignify,ˆĞŒµ
dignitary,‚Š¯
dignity,‘¸Œµ
digoxigenin,ƒWƒSƒLƒVƒQƒjƒ“
digraph,(•¶–@)˜Aš
digress,’Eü‚·‚é
digression,—]’k
dike,’ç–h
DIL,DIL
dilapidated,r‚ê‰Ê‚Ä‚½
dilatation,Šg’£
dilate,Šg’£‚³‚¹‚é
dilated,Šg’£
dilation,Šg’£
dilatory,’x‚ê‚ª‚¿‚È
dilemma,ƒWƒŒƒ“ƒ}
dilettante,D–‰Æ
diligence,‹Î•×
diligent,‹Î•×‚È
diligently,”MS‚É
dill,ƒfƒBƒ‹
dilute,Šó”–
dilution,Šóß
dim,”–ˆÃ‚¢@
Dimaggio,ƒfƒBƒ}ƒWƒI
dime,ƒ_ƒCƒ€
dimension,¡–@
dimensional,ŸŒ³‚Ì
dimensionality,ŸŒ³
dimer,“ñ—Ê‘Ì
diminish,Œ¸­‚·‚é
diminution,Œ¸­
diminutive,‚¿‚Á‚Û‚¯‚È
dimly,‚Ù‚Ì‚Ú‚Ì
dimmer,’²ŒõŠí
dimorphic,“ñŒ`«‚Ì
dimple,ƒfƒBƒ“ƒvƒ‹
din,‘›‰¹
dinar,ƒfƒBƒi[ƒ‹
dine,H–‚ğ‚·‚é
diner,ƒ_ƒCƒi[
ding,ƒ`[ƒ“
dinghy,ƒfƒBƒ“ƒM[
dingle,ƒfƒBƒ“ƒOƒ‹
dingo,ƒfƒBƒ“ƒS
dingy,”–‰˜‚¢@
dining,ƒ_ƒCƒjƒ“ƒO
dinky,‚¿‚Á‚Û‚¯‚È
dinner,—[H
dino,ƒfƒBƒm
dinosaur,‹°—³
dint,‚­‚Ú‚İ
dinucleotide,ƒWƒkƒNƒŒƒIƒ`ƒh
diocesan,‹³‹æ‚Ì
diocese,‹³‹æ
diode,ƒ_ƒCƒI[ƒh
Dionysian,ƒfƒBƒIƒjƒ\ƒX‚Ì
Dionysus,ƒfƒBƒIƒjƒ…ƒ\ƒX
Dior,ƒfƒBƒI[ƒ‹
diorama,ƒWƒIƒ‰ƒ}
dioxide,“ñ_‰»•¨
dioxin,ƒ_ƒCƒIƒLƒVƒ“
dioxygenase,ƒWƒIƒLƒVƒQƒi[ƒ[
dip,ƒfƒBƒbƒv
diphtheria,ƒWƒtƒeƒŠƒA
diphthong,“ñd•ê‰¹
diploid,2”{‘Ì
diploma,‘²‹ÆØ‘
diplomacy,ŠOŒğ
diplomat,ŠOŒğŠ¯
diplomatic,ŠOŒğ“I
dipole,‘o‹Éq
dipper,‚Ğ‚µ‚á‚­
dire,”ßS‚È
direct,ƒ_ƒCƒŒƒNƒg
directed,Œü‚¯‚Ì
direction,•ûŒü
directional,wŒü
directive,w—ß‚·‚é
directly,’¼Ú‚É
directness,—¦’¼
director,ƒfƒBƒŒƒNƒ^[
directorate,—–‰ï
directorial,ŠÄ“Â
directorship,æ’÷–ğ
directory,ƒfƒBƒŒƒNƒgƒŠ
dirge,ˆ£‰Ì
dirigible,”òs‘D
dirk,’ZŒ•
dirt,ƒ_[ƒg
dirty,‰˜‚¢@
disability,g‘ÌáŠQ
disable,–³Œø‚É‚·‚é
disabled,g—p‹Ö~
disabuse,Ì‚Ä‚³‚¹‚é
disadvantage,ƒfƒƒŠƒbƒg
disadvantaged,Œb‚Ü‚ê‚È‚¢
disadvantageous,•s—˜‚È
disaffected,•s–
disaffection,•s–
disaggregated,’E‹ÃW
disagree,“¯ˆÓ‚µ‚È‚¢
disagreeable,•s–ù‰õ‚È
disagreement,•sˆê’v
disallow,‹–‰Â‚µ‚È‚¢
disappear,p‚ğÁ‚·
disappearance,Á¸
disappoint,¸–]‚³‚¹‚é
disappointed,‚ª‚Á‚©‚è‚µ‚½
disappointing,‚Â‚Ü‚ç‚È‚¢@
disappointingly,‚ª‚Á‚©‚è
disappointment,¸–]
disapproval,•s³”F
disapprove,•s³”F
disapproving,•s^¬‚Ì
disarm,•‘•‚ğ‰ğœ‚·‚é
disarmament,ŒRk
disarray,—‚·
disassemble,•ª‰ğ‚·‚é
disassembly,‰ğ‘Ì
disassociate,‰ğœ
disaster,Ğ??ŠQ
disastrous,”ßS‚È
disastrously,”ßS‚É
disavow,”Û’è‚·‚é
disband,‰ğU‚·‚é
disbelief,•sM
disbelieve,M‚¶‚È‚¢
disburse,x•¥‚¤
disbursement,x•¥‚¢
disc,ƒfƒBƒXƒN
discard,Ì‚Ä‚é
discern,¯•Ê‚·‚é
discernable,¯•Ê‰Â”\
discerned,¯•Ê
discernible,”F¯‚Å‚«‚é
discerning,–Ú—˜‚«‚Ì
discernment,¯•Ê
discharge,•@…‚ğo‚·
disciple,’íq
disciplinarian,ŒµŠi‚Èl
disciplinary,’¦‰ú“I‚È
discipline,‹K—¥
disciplined,“§‚Ì‚Æ‚ê‚½
disclaimer,–ÆÓ–€
disclose,ŠJ¦‚·‚é
disclosure,ŠJ¦
disco,ƒfƒBƒXƒR
discography,ƒfƒBƒXƒRƒOƒ‰ƒtƒB[
discoideum,ƒLƒCƒƒ^ƒ}ƒzƒRƒŠƒJƒr
discolor,•ÏF‚·‚é
discomfit,¢‚ç‚¹‚é
discomfort,•s‰õŠ´
disconcert,¢‚ç‚¹‚é
disconnect,Ø’f
disconsolate,‚â‚é‚¹‚È‚¢@
discontent,•s–
discontented,–Ê”’‚­‚È‚¢
discontinuation,’†~
discontinue,’†~‚·‚é
discontinuity,•s˜A‘±
discontinuous,•s˜A‘±‚Ì
discord,•s˜a
discordant,•sˆê’v‚Ì
discordy,•s‹¦˜a‰¹
discotheque,ƒfƒBƒXƒR
discount,Š„ˆø
discourage,v‚¢‚Æ‚Ç‚Ü‚ç‚¹‚é
discouragement,—’_
discourse,’k˜b
discover,”­Œ©
discovered,”­Œ©
discoverer,”­Œ©Ò
discovery,”­Œ©
discredit,‹^‚¤
discreditable,•s–¼—_‚È
discreet,–Ú—§‚½‚È‚¢
discreetly,Td‚É
discrepancy,H‚¢ˆá‚¢
discrepant,–µ‚‚·‚é
discrete,ŒÂ•Ê‚Ì
discretion,Ù—Ê
discretionary,Ù—Ê
discriminant,”»•Ê®
discriminate,‹æ•Ê‚·‚é
discriminated,”»•Ê
discrimination,·•Ê
discriminatory,·•Ê“I‚È
discursive,‚Æ‚è‚Æ‚ß‚Ì‚È‚¢
discus,‰~”Õ“Š‚°
discuss,‹c˜_‚·‚é
discussion,ƒfƒBƒXƒJƒbƒVƒ‡ƒ“
disdain,Œy•Ì
disdained,Œy•Ì
disdainful,Œy•Ì“I‚È
disease,•a‹C
diseased,•a‹C‚Ì
disembark,~‚é
disembodied,“÷‘Ì‚Ì‚È‚¢
disembowel,‘Ÿ•¨‚ğæ‚èœ‚­
disenchant,–‚–@‚ğ‰ğ‚­
disenfranchise,Œö–¯Œ ‚ğ’D‚¤
disenfranchised,Œ —˜‚ğ’D‚í‚ê‚½
disengage,ŠO‚ê‚é
disentangle,‰ğ‚­
disequilibrium,•s‹Ït
disfavor,Œ™‚¤
disfigure,X‚­‚·‚é
disfigurement,•Ğ—Ö
disgorge,“f‚«o‚·
disgrace,•s–¼—_
disgraced,•sË–‚ğ‹N‚±‚µ‚½
disgraceful,•s–¼—_‚È
disgruntle,•s–‚ğ‚½‚¹‚é
disgruntled,•s‹@Œ™‚È
disguise,‹U‘•
disgust,Œ™ˆ«Š´
disgusted,‚¤‚ñ‚´‚è‚·‚é
disgusting,‹C‚¿ˆ«‚¢
dish,—¿—
disharmony,•s’²˜a
dishearten,‚ª‚Á‚©‚è‚³‚¹‚é
disheveled,—‚ê‚½
dishevelled,—‚ê‚½
dishonest,•s³’¼
dishonesty,•s½À
dishonor,•s–¼—_
dishonorable,•s–¼—_‚È
dishwasher,HŠíô‚¢‹@
dishy,–£—Í“I‚È
disillusion,Œ¶–Å
disillusioned,Œ¶–Å
disillusionment,Œ¶–Å
disincentive,‘jŠQ—vˆö
disinclination,Œ™‹C
disincline,Œ™‹C‚ğ‚¨‚±‚³‚¹‚é
disinfect,Á“Å
disinfectant,Á“ÅÜ
disinfection,Á“Å
disinformation,‹Uî•ñ
disingenuous,•s½À
disintegrate,•ö‰ó‚·‚é
disintegration,•ö‰ó
disinterest,–³ŠÖS
disinterested,Œö•½–³„‚È
disjoint,‚¿‚®‚Í‚®‚É‚·‚é
disjointed,‚Ü‚Æ‚Ü‚è‚Ì‚È‚¢
disjunction,•ª—£
disjunctive,‘IŒ¾“I‚È
disk,ƒfƒBƒXƒN
diskette,ƒfƒBƒXƒPƒbƒg
dislike,Œ™‚¢
disliked,Œ™‚í‚ê‚½
dislocation,’E‰P
dislodge,æ‚èœ‚­
disloyal,•sÀ‚Ì
disloyalty,•s’‰
dismal,—JŸT
dismantle,•ª‰ğ‚·‚é
dismay,˜T”‚
dismayed,—’_
dismember,è‘«‚ğØ‚è—£‚·
dismembered,ƒoƒ‰ƒoƒ‰
dismemberment,lˆØ’f
dismiss,‘Ş‚¯‚é
dismissal,‰ğŒÙ
dismissive,”Û’è“I‚È
dismount,ƒfƒBƒXƒ}ƒEƒ“ƒg
Disney,ƒfƒBƒYƒj[
Disneyland,ƒfƒBƒYƒj[ƒ‰ƒ“ƒh
disobedience,•s•]
disobedient,”½R“I‚È
disobey,‹t‚ç‚¤
disorder,áŠQ
disorderly,–³’˜‚É
disorganization,‰ğ‘Ì
disorganized,‚Ü‚Æ‚Ü‚è‚Ì‚È‚¢
disorient,¬—‚³‚¹‚é
disorientation,Œ©“–¯áŠQ
disoriented,‚µ‚Ç‚ë‚à‚Ç‚ë‚Ì
disown,Š¨“–‚·‚é
disparage,Œy‚ñ‚¶‚é
disparagement,”ñ“ï
disparagingly,Œy•Ì‚µ‚Ä
disparate,ˆÙí
disparity,Ši·
dispassionate,Œö•½‚È
dispatch,”­‘—
dispatcher,”­‘—Ò
dispel,•¥‚¢‚Ì‚¯‚é
dispensable,•s—v
dispensation,_‚ÌÛ—
dispense,•ª”z‚·‚é
dispenser,ƒfƒBƒXƒyƒ“ƒT[
dispersal,•ªU
disperse,•ªU‚³‚¹‚é
dispersion,•ªU
dispirit,‚ª‚Á‚©‚è‚³‚¹‚é
displace,•ÏˆÊ‚³‚¹‚é
displacement,’uŠ·‚¦
display,ƒfƒBƒXƒvƒŒƒC
displease,•s‰õ‚É‚·‚é
displeased,•s‹@Œ™‚È
displeasure,•s–
disposable,g‚¢Ì‚Ä
disposal,ˆ•ª
dispose,ˆ•ª‚·‚é
disposition,ˆ•ª
dispossessed,—§‚¿‘Ş‚©‚³‚ê‚½
disproportion,•s‹Ït
disproportionate,•s‹Ït‚È
disproportionately,•s’Ş‚è‡‚¢‚É
disprove,”½Ø‚·‚é
disputation,˜_‘ˆ
dispute,•´‘ˆ
disqualification,¸Ši
disqualify,¸Ši‚Æ‚·‚é
disquiet,•sˆÀ
disquisition,Œ¤‹†˜_•¶
disregard,–³‹
disremember,v‚¢o‚¹‚È‚¢
disrepair,r”p
disreputable,•]”»‚Ìˆ«‚¢@
disrespect,–³—ç
disrespectful,¸—ç‚È
disrobe,ˆß•‚ğ’E‚®
disrupt,¬—‚³‚¹‚é
disruption,¬—
disruptive,”j‰ó“I‚È
diss,”ñ“ï
dissatisfaction,•s–
dissatisfied,•s–‚È
dissatisfy,•s–‚ğ•ø‚©‚¹‚é
dissect,‰ğ–U‚·‚é
dissection,‰ğ–U
dissed,ƒ_ƒo‚µ
dissemble,‰B‚·
disseminate,L‚ß‚é
dissemination,•‹y
dissension,•s˜a
dissent,”½‘ÎˆÓŒ©
dissenter,”½‘ÎÒ
dissenting,ˆÙ‹c‚ğ¥‚¦‚é
dissertation,˜_•¶
disservice,‚Ğ‚Ç‚¢d‘Å‚¿
dissident,”½‘Ì§”h
dissimilar,ˆÙ‚È‚é
dissimilarity,‘Šˆá
dissipate,U‚ç‚·
dissipation,Uˆí
dissociate,‰ğ—£‚·‚é
dissociated,‰ğ—£
dissociation,‰ğ—£
dissolute,©‘Â—‚È
dissolution,‰ğU
dissolve,—n‰ğ‚·‚é
dissonance,•s‹¦˜a‰¹
dissonant,•s‹¦˜a‰¹‚Ì
dissuade,à“¾
distaff,…Šª‚«–_
distal,––’[‚Ì
distance,‹——£
distanced,—£‚ê‚½
distant,‰“‚¢@
distantly,‰“‚­
distaste,Œ™ˆ«
distasteful,•s‰õ‚È
distemper,ƒWƒXƒeƒ“ƒp[
distend,–c’£‚³‚¹‚é
distill,ö—¯‚·‚é
distillate,ö—¯•¨
distillation,ö—¯
distiller,ö—¯Ší
distillery,ö—¯ğ»‘¢Š
distinct,ˆÙ‚È‚é
distinction,ˆá‚¢
distinctive,“Æ“Á‚Ì
distinctively,“Æ“Á
distinctly,‚Í‚Á‚«‚è‚Æ
distinguish,‹æ•Ê‚·‚é
distinguishable,‹æ•Ê‚Å‚«‚é
distinguished,—D‚ê‚½
distort,˜c‚ß‚é
distorted,‚ä‚ª‚ñ‚¾
distortion,‚Ë‚¶‚ê
distract,‚»‚ç‚·
distraction,‹C°‚ç‚µ
distraught,æ‚è—‚µ‚½
distress,‹ê’É
distressed,‹ê‚µ‚ñ‚Å
distressing,”ßS‚È
distribute,•ª”z‚·‚é
distribution,”z•z
distributive,•ª”z‚Ì
distributor,ƒfƒBƒXƒgƒŠƒrƒ…[ƒ^[
District,ƒRƒƒ“ƒrƒA“Á•Ê‹æ
distrust,•sM
distrustful,•sMŠ´‚ğ•ø‚­
disturb,—‚·
disturbance,¬—
disturbed,—‚ê‚½
disturbing,•s‰¸‚È
disturbingly,•s‰¸
disuse,•sg—p
ditch,a
ditched,•s’…
dither,ƒfƒBƒU
ditto,“¯ã
ditty,‘­—w
diuretic,—˜”A–ò
diurnal,’‹ŠÔ‚Ì
diva,‰Ì•P
divalent,“ñ‰¿
divan,ƒ\ƒtƒ@ƒxƒbƒh
dive,ƒ_ƒCƒrƒ“ƒO
diver,ƒ_ƒCƒo[
diverge,”­U‚·‚é
diverged,”­U
divergence,”­U
divergent,•ªŠò‚·‚é
diverse,‚³‚Ü‚´‚Ü‚È
diversification,‘½—l‰»
diversified,‘½—l‚È
diversify,‘½—l‰»‚·‚é
diversion,“]Š·
diversity,‘½—l«
divert,‚»‚ç‚·
divest,”„‹p‚·‚é
divestiture,”’D
divide,•ªŠ„
divided,•ªŠ„‚³‚ê‚½
dividend,”z“–‹à
divider,dØ‚è
divine,_
divinely,_X‚µ‚­
diving,ƒ_ƒCƒrƒ“ƒO
divinity,_«
divisible,•ª‚¯‚ç‚ê‚é
division,•ªŠ„
divisional,•ªŠ„
divisive,•ª—ô
divorce,—£¥
divorcee,—£¥Ò
divulge,˜R‚ç‚·
divvy,•ª’S
dixie,ƒfƒLƒV[
dizygotic,“ñ—‘«‚Ì
dizziness,–Ú‚Ü‚¢
dizzy,ƒtƒ‰ƒtƒ‰‚·‚é
dizzying,–Ú‚Ü‚¢‚ª‚·‚é‚æ‚¤‚È
DJ,DJ
Djibouti,ƒWƒuƒ`
DL,DL
DLC,DLC
DLL,DLL
DM,DM
DMEM,DMEM
DMSO,DMSO
DNA,DNA
DNase,ƒfƒIƒLƒVƒŠƒ{ƒkƒNƒŒƒA[ƒ[
do,s‚¤
doable,‚È‚ñ‚Æ‚©‚·‚é
doc,ƒhƒLƒ…ƒƒ“ƒg
docile,‚¨‚Æ‚È‚µ‚¢@
dock,ƒhƒbƒN
docked,ƒhƒbƒLƒ“ƒO‚³‚ê‚½
docker,`˜p˜J“­Ò
docket,ƒŒƒV[ƒg
dockland,”g~ê’nˆæ
dockyard,‘¢‘DŠ
doctor,ˆãt
doctoral,”m‚Ì
doctorate,”m†
doctrinaire,‹ó˜_‚Ì
doctrinal,‹³‹`ã‚Ì
doctrine,‹³‹`
docudrama,ƒhƒLƒ…ƒƒ“ƒgƒhƒ‰ƒ}
document,ƒhƒLƒ…ƒƒ“ƒg
documentarian,documentarian
documentary,ƒhƒLƒ…ƒƒ“ƒ^ƒŠ[
documentation,ƒhƒLƒ…ƒƒ“ƒe[ƒVƒ‡ƒ“
DOD,•Ä‘‘–h‘È 
doddering,‚æ‚Ú‚æ‚Ú‚Ì
dodecanese,ƒhƒfƒJƒlƒX”“‡
dodge,g‚ğ‚©‚í‚·
dodgeball,ƒhƒbƒWƒ{[ƒ‹
dodger,ƒyƒeƒ“t
Dodgers,ƒhƒWƒƒ[ƒX
dodgy,‰ö‚µ‚¢@
dodo,ƒh[ƒh[
DOE,DOE
doer,‚â‚èè
doesn,doesn't 
doff,’E‚®
dog,Œ¢
doge,ƒh[ƒWƒF
dogfight,‹ó’†í
Dogg,ƒhƒbƒO
doggedly,’fŒÅ‚Æ‚µ‚Ä
doggerel,‰ºè‚È
doggie,‚í‚ñ‚í‚ñ
doggone,doggone
doggy,‚í‚ñ‚¿‚á‚ñ
dogma,ƒhƒOƒ}
dogmatic,“Æ’f“I‚È
dogmatism,‹³ğå‹`
dogwood,ƒnƒiƒ~ƒYƒL
doily,ƒhƒCƒŠ[
doing,Às
doings,Š‹Æ
DOJ,•Äi–@È
doldrums,’á–À
dole,ƒh[ƒ‹
doleful,”ß‚µ‚°‚È
doll,lŒ`
dollar,ƒhƒ‹
dollface,dollface
dollop,“h‚é
dolly,ƒhƒŠ[
dolomite,ƒhƒƒ}ƒCƒg
dolor,’Q‚«
dolorosa,ƒhƒƒ[ƒT
dolphin,ƒCƒ‹ƒJ
DOM,DOM
domain,ƒhƒƒCƒ“
dome,ƒh[ƒ€
domed,ƒh[ƒ€Œ`‚Ì
domestic,‘“à‚Ì
domestically,‘“à‚Å
domesticate,”‚¢Šµ‚ç‚·
domesticated,‰Æ’{‰»‚³‚ê‚½
domestication,‰Æ’{‰»
domesticity,‰Æ’ë¶Šˆ
domicile,ZŠ
dominance,x”z
dominant,ƒhƒ~ƒiƒ“ƒg
dominate,x”z‚·‚é
domination,x”z
domineering,˜ü–‚È
Dominica,ƒhƒ~ƒjƒJ
Dominicana,ƒhƒ~ƒjƒJ
dominion,ƒhƒ~ƒjƒIƒ“
domino,ƒhƒ~ƒm
Domoic,ƒh[ƒ‚ƒC_
Don,ƒhƒ“
Donald,ƒhƒiƒ‹ƒh
donate,Šñ•t‚·‚é
donation,Šñ•t
dong,ƒhƒ“
donkey,ƒƒo
donna,ƒhƒi
donor,ƒhƒi[
dont,don't
donut,ƒh[ƒiƒc
doodad,“¹‹ï
doodle,‚¢‚½‚¸‚ç‘‚«
doofus,ŠÔ”²‚¯
doom,”j–Å
doomed,â–]“I‚È
doomsday,ÅŒã‚ÌR”»‚Ì“ú
door,ƒhƒA
doorbell,ƒhƒAƒxƒ‹
doorknob,ƒhƒAƒmƒu
doorman,ƒhƒAƒ}ƒ“
doormat,ŒºŠÖƒ}ƒbƒg
doorstep,ŒºŠÖ‘O‚ÌŠK’i
doorstop,ƒhƒAƒXƒgƒbƒp[
doorway,ŒËŒû
dopamine,ƒh[ƒpƒ~ƒ“
dopaminergic,ƒh[ƒpƒ~ƒ“ì“®«‚Ì
dope,ƒh[ƒv
dopey,–°‚¢@
Doppler,ƒhƒbƒvƒ‰[
dorado,ƒVƒCƒ‰
Dorian,ƒhƒŠƒAƒ“
Doric,ƒhƒŠƒX•ûŒ¾
Doris,ƒhƒŠƒX
dork,‚ ‚Ù
dorky,–ğ—§‚½‚¸‚Ì
dorm,—¾
dormancy,‹x–°
dormant,‹x–°
dormitory,—¾
Dorothy,ƒhƒƒV[
dorsal,”w•”‚Ì
dosage,—p—Ê
dose,—p—Ê
dossier,ŠÖŒW‘—Ş
dot,ƒhƒbƒg
dotage,‚à‚¤‚ë‚­
dote,“Mˆ¤‚·‚é
dotted,“_İ
dotty,³‹C‚ğ¸‚Á‚Ä
Doubleday,ƒ_ƒuƒ‹ƒf[
doubles,ƒ_ƒuƒ‹ƒX
doublet,ƒ_ƒuƒŒƒbƒg
doubly,“ñd‚É
doubt,‹^‚¢
doubter,doubter
doubtful,‹^‚í‚µ‚¢@
doubtless,Šm‚©‚É
douche,ŠÁ…
Doug,ƒ_ƒO
dough,ƒpƒ“¶’n
doughboy,doughboy
Dougherty,ƒhƒEƒAƒeƒB
doughnut,ƒh[ƒiƒc
doughy,’÷‚Ü‚è‚Ì‚È‚¢
Douglas,ƒ_ƒOƒ‰ƒX
dour,•s‹@Œ™‚È
douse,Á‚·
doused,’Á‰Î‚·‚é
dove,”µ
Dover,ƒh[ƒo[ŠC‹¬ 
dovetail,‹aŒp‚¬
dovish,‰¸Œ’”h‚Ì
Dow,ƒ_ƒE
dowager,‰Ç•w
dowdy,–ì•é‚Á‚½‚¢@
dowel,–Ú‚­‚¬
down,ƒ_ƒEƒ“
downbeat,‹­”
downcast,ƒ_ƒEƒ“ƒLƒƒƒXƒg
downer,ƒ_ƒEƒi[
downfall,–v—
downgrade,‰º‚èâ
downhill,‰º‚èâ
download,ƒ_ƒEƒ“ƒ[ƒh
downloadable,ƒ_ƒEƒ“ƒ[ƒh‰Â”\‚È
downloaded,ƒ_ƒEƒ“ƒ[ƒh
downplay,Œy‹‚·‚é
downpour,“y»~‚è
downregulate,ƒ_ƒEƒ“ƒŒƒMƒ…ƒŒ[ƒg
downregulated,ƒ_ƒEƒ“ƒŒƒMƒ…ƒŒ[ƒg
downregulation,‰º•û§Œä
downright,•´‚ê‚à‚È‚¢
downscale,k¬‚·‚é
downside,‰º‘¤
downsize,¬Œ^‰»‚·‚é
downsizing,ƒ_ƒEƒ“ƒTƒCƒWƒ“ƒO
downspout,c”ó
downstairs,ŠK‰º
downstream,‰º—¬
downtime,ƒ_ƒEƒ“ƒ^ƒCƒ€
downtown,ƒ_ƒEƒ“ƒ^ƒEƒ“
downtrodden,‹s‚°‚ç‚ê‚½
downturn,’á–À
downward,‰ºŒü‚«‚Ì
downy,ƒ_ƒEƒj[
dowry,Q‹à
doxazosin,ƒhƒLƒTƒ]ƒVƒ“
doxycycline,ƒhƒLƒVƒTƒCƒNƒŠƒ“
Doyle,ƒhƒCƒ‹
doze,‹–°‚è
dozen,ƒ_[ƒX
dozy,–°‚»‚¤
DP,DP
DR,DR
drab,’P’²‚È
Draco,—³À
draconian,ŒµŠi‚È
Dracula,‹zŒŒ‹Sƒhƒ‰ƒLƒ…ƒ‰
draft,ƒhƒ‰ƒtƒg
draftee,¢W•º
draftsman,»}H
drag,ƒhƒ‰ƒbƒO
dragnet,’êˆø‚«–Ô
dragon,ƒhƒ‰ƒSƒ“
dragonfly,ƒgƒ“ƒ{
drain,ƒhƒŒƒCƒ“
drainage,”r…
drake,ƒhƒŒƒCƒN
DRAM,DRAM
drama,ƒhƒ‰ƒ}
dramatic,Œ€“I‚È
dramatically,Œ€“I‚É
dramatics,‰‰o–@
dramatist,Œ€ì‰Æ
dramatization,‹rF
dramatize,‹rF‚·‚é
drank,ˆù‚ñ‚¾
drape,ƒhƒŒ[ƒv
draped,ƒhƒŒ[ƒv
draper,Œà•‰®
drapery,ƒJ[ƒeƒ“
drastic,”²–{“I‚È
drastically,‘å•‚É
drat,DRAT
draught,ˆ×‘ÖèŒ`
draw,ƒhƒ[
drawback,Œ‡“_
drawbridge,’µ‚Ë‹´
drawdown,…ˆÊ’á‰º
drawer,ˆø‚«o‚µ
drawing,}
drawl,˜b‚µ‚Ô‚è
drawn,•`‚©‚ê‚½
dread,‹°•|
dreadful,‹°‚ë‚µ‚¢@
dreadfully,‚à‚Ì‚·‚²‚­
dreadlock,ƒhƒŒƒbƒh(”¯Œ^)
dream,–²
dreamer,–²‘z‰Æ
dreamily,‚¤‚Á‚Æ‚è‚Æ
dreamland,–²‚Ì‘
dreamlike,–²‚Ì‚æ‚¤‚È
Dreamworks,ƒhƒŠ[ƒ€?ƒ[ƒNƒX
dreamy,–²‚Ì‚æ‚¤‚È
dreary,‘Ş‹ü‚È
dreck,ˆÀ•¨
dredge,ƒhƒŒƒbƒW
dredged,Ÿ²ŸÖ(‚µ‚ã‚ñ‚¹‚Â)
dregs,Ÿæ
dreidel,dreidel
drench,ƒhƒŒƒ“ƒ`
drenched,‚Ñ‚Á‚µ‚å‚è‚È 
dress,ƒhƒŒƒX
dressed,•‘•
dresser,ƒhƒŒƒbƒT[
dressing,ƒhƒŒƒbƒVƒ“ƒO
dressmaker,ƒhƒŒƒXƒ[ƒJ[
dressy,ƒhƒŒƒbƒV[
drew,ƒhƒŠƒ…[
drib,­—Ê
dribble,ƒhƒŠƒuƒ‹
dried,Š£‘‡‚µ‚½
drier,Š£‘‡‹@
drift,ƒhƒŠƒtƒg
drifter,ƒhƒŠƒtƒ^[
drill,ƒhƒŠƒ‹
driller,ŒŠ‚ ‚¯‹@
drilling,Œ@í
drink,ƒhƒŠƒ“ƒN
drinker,ğˆù‚İ
drinking,ˆùğ
drip,ƒhƒŠƒbƒv
dripping,ƒhƒŠƒbƒsƒ“ƒO
drippy,“H‚é
drive,ƒhƒ‰ƒCƒu
drivel,‚½‚íŒ¾
driven,‰^“]‚µ‚½
driver,‰^“]è
driveway,„“¹
driving,‰^“]
drizzle,–¶‰J
droll,‚Ğ‚å‚¤‚«‚ñ‚È
dromedary,ƒqƒgƒRƒuƒ‰ƒNƒ_
drone,ƒhƒ[ƒ“
drool,‚æ‚¾‚ê
droop,ƒhƒ‹[ƒv
droopy,‚‚ê‰º‚ª‚Á‚½
drop,ƒhƒƒbƒv
droplet,“H
dropout,’E—
dropping,—‰º
droppings,•³
drosophila,ƒVƒ‡ƒEƒWƒ‡ƒEƒoƒG
dross,‚©‚È‚­‚¸
drought,Š±‚Î‚Â
drove,‰^“]
drown,‚©‚«Á‚·
drowning,“M€
drowsiness,–°‹C
drowsy,–°‚»‚¤‚È
drubbing,‘å”s
Drucker,ƒhƒ‰ƒbƒJ[
drudge,‚±‚Â‚±‚Â‚Æ‚·‚é
drudgery,‹ê–ğ
drug,–ò
drugged,–ò’Ğ‚¯
drugs,–ò•¨
drugstore,ƒhƒ‰ƒbƒOƒXƒgƒA
druid,ƒhƒ‹ƒCƒh
drum,ƒhƒ‰ƒ€
drumbeat,ƒhƒ‰ƒ€ƒr[ƒg
drummer,ƒhƒ‰ƒ}[
drunk,Œ‚Á‚Ï‚ç‚¢
drunkard,Œ‚Á‚Ï‚ç‚¢
drunken,Œ‚Á‚½
drunkenness,çÇçÂ
dry,ƒhƒ‰ƒC
dryer,ƒhƒ‰ƒCƒ„[
dryly,‘f‚Á‹C‚È‚­
dryness,Š£‚«
drywall,Š£®•Ç
dsDNA,“ñ–{½DNA
dsRNA,‚ÌdsRNA
DT,DT
DU,DU
dual,ƒfƒ…ƒAƒ‹
duality,“ñd«
dub,ƒ_ƒu
Dubai,ƒhƒoƒC
Dubia,Dubia
dubious,‰ö‚µ‚°‚È
Dublin,ƒ_ƒuƒŠƒ“
duce,ñ—Ì
duchess,Œöİ•vl
duchy,Œö‘
duck,ƒAƒqƒ‹
duckbill,ƒJƒ‚ƒmƒnƒV
ducked,ƒ_ƒbƒN
ducking,‚¸‚Ô‚Ê‚ê
duckling,ƒAƒqƒ‹‚Ìq
ducky,ƒ_ƒbƒL[
duct,ƒ_ƒNƒg
ductal,“ûŠÇ
ductwork,”zŠÇ
dud,•s”­’e
dude,’j
dudgeon,—§• 
due,Œ´ˆö
duel,Œˆ“¬
dueling,Œˆ“¬
duende,—d¸
dues,‰ï”ï
duet,ƒfƒ…ƒGƒbƒg
duff,——t}
duffel,ƒ_ƒbƒtƒ‹
duffer,”NŠñ‚è
dugout,ƒ_ƒbƒOƒAƒEƒg
duke,Œöİ
Dulbecco,ƒ_ƒ‹ƒxƒbƒR
dulcimer,ƒ_ƒ‹ƒVƒ}[
dull,“İ‚¢@
dullness,“İŠ´
dully,“İ‚­
duly,³®‚É
Duma,‰º‰@
dumb,‚¨‚µ‚Ì
dumbass,‚Ü‚Ê‚¯ 
dumbbell,ƒ_ƒ“ƒxƒ‹
dumber,‹ğ‚©
dumbest,”ñí¯
Dumbledore,ƒ_ƒ“ƒuƒ‹ƒhƒA
Dumbo,ƒ_ƒ“ƒ{
dummy,ƒ_ƒ~[
dump,ƒ_ƒ“ƒv
dumping,ƒ_ƒ“ƒsƒ“ƒO
dumpling,’cq
dumpster,ƒ_ƒ“ƒvƒXƒ^[
dumpy,‚İ‚·‚Ú‚ç‚µ‚¢@
dun,Å‚°’ƒF
dunce,—ò“™¶
dune,»‹u
dung,•³
dungeon,ƒ_ƒ“ƒWƒ‡ƒ“
dunk,‰t‘Ì‚ÉZ‚·
Dunkin,ƒ_ƒ“ƒLƒ“
dunno,don't know
duo,ƒfƒ…ƒI
duodenal,\“ñw’°‚Ì
duodenum,\“ñw’°
duomo,‘å‹³‰ï“° 
duopoly,•¡è
dupe,‚¾‚Ü‚³‚ê‚â‚·‚¢l
duped,‚¾‚Ü‚³‚ê‚é
duplex,ƒfƒ…ƒvƒŒƒbƒNƒX
duplicate,•¡»
duplication,d•¡
duplicative,d•¡‚µ‚½
duplicitous,“ñ–‡ã‚Ì
duplicity,“ñ–‡ã
Dupont,ƒfƒ…ƒ|ƒ“
durability,‘Ï‹v«
durable,‘Ï‹v«‚Ì‚ ‚é
duration,ƒfƒ…ƒŒ[ƒVƒ‡ƒ“
duress,‹­—v
Durham,ƒ_[ƒ‰ƒ€
durian,ƒhƒŠƒAƒ“
during,ŠÔ‚É
dusk,—[•é‚ê
dusky,”–ˆÃ‚¢
dust,‚Ù‚±‚è
dustbin,‚²‚İ” 
duster,ƒ_ƒXƒ^[
dustpan,‚¿‚è‚Æ‚è
dusty,‚Ù‚±‚è‚Á‚Û‚¢?
Dutch,ƒIƒ‰ƒ“ƒ_Œê
Dutchman,ƒIƒ‰ƒ“ƒ_l
dutiful,]‡‚È
dutifully,—¥‹`‚É
duty,”C–±
DVD,DVD
Dvorak,ƒhƒ{ƒ‹ƒU[ƒN
dwarf,ƒhƒ[ƒt
dweeb,•Ïl
dwell,ƒhƒGƒ‹
dweller,Zl
dwelling,Z‹
dwelt,ˆÚZ‚µ‚½
dwindle,ã‚èŠ‚¦‚é
DX,DX
dye,õ—¿
dyer,ƒ_ƒCƒA[
dying,•m€
dyke,ƒ_ƒCƒN
dynamic,ƒ_ƒCƒiƒ~ƒbƒN
dynamical,“®—ÍŠw“I‚È
dynamically,“®“I‚É
dynamics,ƒ_ƒCƒiƒ~ƒNƒX
dynamism,ƒ_ƒCƒiƒ~ƒYƒ€
dynamite,ƒ_ƒCƒiƒ}ƒCƒg
dynamo,ƒ_ƒCƒiƒ‚
dynastic,‰¤’©‚Ì
dynasty,‰¤’©
dyne,ƒ_ƒCƒ“
Dynegy,Dynegy
dysentery,Ô—Ÿ
dysfunction,‹@”\•s‘S
dysfunctional,‹@”\•s‘S‚Ì
dysgenesis,”­ˆç•s‘S
dyslexia,¸“ÇÇ
dyspepsia,Á‰»•s—Ç
dyspeptic,Á‰»•s—Ç‚Ì
dyspnea,ŒÄ‹z¢“ï
dyspnoea,ŒÄ‹z¢“ï
dystrophin,ƒWƒXƒgƒƒtƒBƒ“
dystrophy,ƒWƒXƒgƒƒtƒB[
