p,PA
PA,ポリクローナル抗体
pAb,パブロ
Pablo,PAC
PAC,ペース
pace,ペースメーカー
pacemaker,ペースメーカー
pacer,厚皮動物
pachyderm,パシフィック
Pacific,おしゃぶり
pacifier,平和主義
pacifism,平和主義者
pacifist,なだめる
pacify,ペーシング
pacing,パック
pack,パッケージ
package,パッケージング
packaging,パッカード
Packard,パックされた
packed,パッカー
packer,パケット
packet,パッキング
packing,協定
pact,パッド
pad,パッド入りの
padded,パディング
padding,パドル
paddle,パドック
paddock,水田
paddy,南京錠
padlock,神父
padre,賛歌
paean,異教徒
pagan,異教
paganism,ページ
page,ページェント
pageant,式典
pageantry,呼び出し
pager,ページング
paging,仏塔
pagoda,バケツ
pail,痛み
pain,苦しそうな
pained,痛い　
painful,ひどく
painfully,鎮痛剤
painkiller,痛みのない
painless,苦労して
painstakingly,ペイント
paint,絵筆
paintbrush,描いた
painted,画家
painter,絵画的な
painterly,ペインティング
painting,ペア
pair,対を成す
paired,ペアリング
pairing,ペアワイズ
pairwise,ペーズリー
paisley,パジャマ
pajama,パジャマ
pajamas,PAK
PAK,パキスタン
Pakistan,パキスタンの
Pakistani,パル
pal,宮殿
palace,主唱者
paladin,宮殿
palais,おいしい　
palatable,口蓋
palate,宮殿の
palatial,パラオ
Palau,無駄話
palaver,宮殿
palazzo,淡い　
pale,旧石器時代
paleolithic,古生物学者
paleontologist,古生物学
paleontology,パレルモ
Palermo,パレスチナ
Palestine,パレスチナ人
Palestinian,パレット
palette,乗用馬
palfrey,パリンプセスト
palimpsest,回文
palindrome,柵
palisade,ポール
pall,パラジウム
palladium,パレット
pallet,一時しのぎ
palliative,青白い　
pallid,青白さ
pallor,手のひら
palm,パルマ
Palma,手の平
palmar,パーマー
Palmer,パルメット
palmetto,パロアルト
Palo,パロマ
Paloma,パロマー
Palomar,明白な
palpable,触診
palpation,触診
palpatory,動悸
palpitation,麻痺
palsy,微々たる
paltry,PAM
PAM,パンパ
Pampa,甘やかす
pamper,甘やかさ
pampered,パンフレット
pamphlet,牧羊神
Pan,万能薬
panacea,気取り
panache,パナマ
Panama,パンケーキ
pancake,膵臓
pancreas,膵臓の
pancreatic,膵炎
pancreatitis,パンダ
panda,パンデミック
pandemic,大混乱
pandemonium,迎合する
pander,パンドラ
Pandora,窓枠
pane,パネル
panel,羽目板
paneling,パネリスト
panelist,発作
pang,山刀
panga,パンハンドル
panhandle,乞食
panhandler,パニック
panic,パニック状態の
panicky,盛装
panoply,パノラマ
panorama,パノラマの
panoramic,パンジー
pansy,あえぐ
pant,パンテオン
Pantheon,パンサー
panther,パンティー
panties,パントマイム
pantomime,パントリー
pantry,パンツ
pants,パンツスーツ
pantsuit,パンティー
panty,パンスト
pantyhose,パップ
pap,パパ
papa,教皇制度
papacy,ローマ法王の
Papal,パパラッチ
paparazzi,パパイヤ
papaya,PAPD
PAPD,紙
paper,ペーパーバック
paperback,論文
papers,文鎮
paperweight,ペーパーワーク
paperwork,乳頭
papilla,乳頭腫
papilloma,パン粥状の
pappy,パプリカ
paprika,パプア
Papua,パピルス
papyrus,パー
par,パラ
para,たとえ話
parable,放物線
parabola,放物線の
parabolic,パラシュート
parachute,パレード
parade,パレード
paraded,パラダイム
paradigm,語形変化の
paradigmatic,楽園
paradise,パラドックス
paradox,逆説的な
paradoxical,逆説的に
paradoxically,パラフィン
paraffin,パラホルムアルデヒド
paraformaldehyde,模範
paragon,段落
paragraph,パラグアイ
Paraguay,パラインフルエンザ
parainfluenza,インコ
parakeet,弁護士補助員
paralegal,視差
parallax,パラレル
parallel,並列
paralleled,並列処理
parallelism,平行四辺形
parallelogram,パラログ
Paralog,パラロガス
paralogous,麻痺
paralysis,麻痺
paralytic,まひさせる
paralyze,救急
paramedic,パラメーター
parameter,パラメトリック
parametric,民兵組織
paramilitary,パラマウント
paramount,愛人
paramour,パラノイア
paranoia,パラノイアック
paranoiac,パラノイド
paranoid,超常現象
paranormal,欄干(らんかん)
parapet,身の回り品
paraphernalia,言い換え
paraphrase,言い換え
paraphrased,下半身不随
paraplegic,寄生虫
parasite,寄生
parasitic,寄生
parasitism,パラソル
parasol,副甲状腺
parathyroid,空挺隊員
paratrooper,ヨーネ病
Paratuberculosis,小包
parcel,乾上がる
parch,羊皮紙
parchment,恩赦
pardon,許せる
pardonable,削減する
pare,実質
parenchyma,親
parent,家系
parentage,親の
parental,非経口の
parenteral,括弧
parenthesis,親に
parenthood,しつけ
parenting,両親
parents,社会ののけ者
pariah,頭頂部
parietal,皮を剥くこと
paring,パリ
Paris,小教区
parish,教区民
parishioner,パリジャン
Parisian,パリティ
parity,公園
park,パーカ
parka,パーカー
Parker,パーキン
parkin,パーキング
parking,パークランド
parkland,パークウェイ
parkway,専門用語
parlance,増やす
parlay,議会
parliament,国会議員
parliamentarian,議会の
parliamentary,パーラー
parlor,パーラー
parlour,狡猾な
parlous,偏狭な
parochial,パロディ
parody,仮釈放
parole,仮釈放
paroled,仮出所者
parolee,発作
paroxysm,パーケット
parquet,オウム
parrot,受け流す
parry,構文解析する
parse,解析された
parsed,物欲しげな
parsimonious,極度の倹約
parsimony,パセリ
parsley,パースニップ
parsnip,牧師
parson,一部
part,分かち合う
partake,単為生殖
parthenogenesis,パルテノン神殿
Parthenon,部分的な
partial,部分的に
partially,参加者
participant,参加する
participate,参加
participation,参加
participatory,分詞の
participial,分詞
participle,微粒子
particle,特定の
particular,特殊性
particularity,特に
particularly,細目
particulars,微粒子
particulate,別れ
parting,パルチザン
Partisan,党派心
partisanship,パーティション
partition,パーティション化
partitioned,部分的に
partly,パートナー
partner,提携
partnered,パートナーシップ
partnership,ヤマウズラ
partridge,パーティー
party,成金
parvenu,パサディナ
Pasadena,パスカル
Pascal,遊歩道
paseo,パシャ
Pasha,パシュトゥーン族
Pashtun,エル･パソ
Paso,パス
pass,まずまずの
passable,通路
passage,継代
passaged,通路
passageway,盛りを過ぎた
passe,大集団
passel,乗客
passenger,通行人
passer,通行人
passerby,パッシング
passing,情熱
passion,情熱的な
passionate,情熱的に
passionately,受動的
passive,受動的に
passively,受動性
passivity,過越の祭り
passover,パスポート
passport,パスワード
password,過去
past,パスタ
pasta,ペースト
paste,パステル
pastel,低温殺菌する
pasteurize,模倣
pastiche,気晴らし
pastime,牧師
pastor,牧歌
pastoral,パストラミ
pastrami,ペストリー
pastry,牧草地
pasture,ペースト状
pasty,パット
pat,パッチ
patch,パッチを適用
patched,パッチワーク
patchwork,むらのある
patchy,パテ
pate,特許
patent,あきらかに
patently,ペイター
pater,父方の
paternal,パターナリズム
paternalism,父系
paternity,パス
path,哀れな
pathetic,痛ましいほどに
pathetically,パスファインダー
pathfinder,病原体
pathogen,病因
pathogenesis,病原性の
pathogenic,病原性
pathogenicity,病的な
pathologic,病的な
pathological,病理学的に
pathologically,病理学者
pathologist,病理
pathology,病態生理学的な
pathophysiological,病態生理学
pathophysiology,哀愁
pathos,経路
pathway,忍耐
patience,患者
patient,辛抱強く
patiently,緑青
patina,パティオ
patio,地方なまり
patois,家長
patriarch,家父長の
patriarchal,家父長制度
patriarchy,貴族
patrician,パトリック
Patrick,伝承
patrimony,愛国者
patriot,愛国的な
patriotic,愛国心
patriotism,パトロール
patrol,パトロール
patrolling,パトロール
patrolman,パトロン
patron,後援
patronage,守護神
patroness,ひいきにする
patronize,父称
patronymic,patroon
patroon,いいカモ
patsy,パッテン
patten,むだ話
patter,パターン
pattern,パテ
patty,PAU
PAU,少量
paucity,ポール
Paul,ポーラ
Paula,ポーリン
Pauline,サンパウロ
Paulo,桐
paulownia,太鼓腹
paunch,太鼓腹の
paunchy,貧民
pauper,ポーズ
pause,舗装
pave,舗装された
paved,舗装
pavement,パビリオン
pavilion,足
paw,ポーン
pawn,質屋
pawnbroker,PAX
pax,支払い
pay,支払うべき
payable,払い戻し
payback,給与
paycheck,給料日
payday,受取人
payee,支払人
payer,ペイロード
payload,支払主任
paymaster,支払い
payment,精算
payoff,支払い
payout,ペイパル
paypal,給与
payroll,PB
PB,PBMC
PBMC,PBPK
PBPK,パソコン
PC,PCR
PCR,PD
PD,PDA
PDA,PDF
PDF,PE
PE,エンドウ
pea,ピーボディ
Peabody,平和
peace,平和な
peaceable,穏やかな
peaceful,平和的に
peacefully,peacekeep
peacekeep,平和維持軍
peacekeeper,調停者
peacemaker,平和運動家
peacenik,平時
peacetime,桃
peach,ピーチツリー
peachtree,孔雀
peacock,ピーク
peak,ピール
peal,ピーナッツ
peanut,梨
pear,真珠
pearl,真珠のような
pearly,ピアソン
Pearson,農民
peasant,農民
peasantry,泥炭
peat,小石
pebble,小石の多い　
pebbly,ピーカン
pecan,微罪
peccadillo,ペック
peck,くちばし
pecker,怒りっぽい　
peckish,ペクチン
pectin,胸筋
pectoral,奇妙な
peculiar,特異性
peculiarity,妙に
peculiarly,教育的な
pedagogic,教育学
pedagogy,ペダル
pedal,融通が利かない人
pedant,知識をひけらかす
pedantic,衒学
pedantry,売り歩く
peddle,行商人
peddler,台座
pedestal,歩行者
pedestrian,小児科の
pediatric,小児科医
pediatrician,小児科
pediatrics,輪タク
pedicab,ペディキュア
pedicure,血統
pedigree,ペディメント
pediment,小児愛者
pedophile,小児性愛
pedophilia,ペドロ
Pedro,おしっこ
pee,ピーク
peek,いないいないばあ
peekaboo,覗く
peeked,ピール
peel,のぞき見
peep,のぞき穴
peephole,ピア
peer,貴族
peerage,ピアリング
peered,無比
peerless,不満
peeve,イライラした
peeved,気難しい　
peevish,ペグ
peg,ペガサス
Pegasus,軽蔑的な
pejorative,北京
Peking,ペリカン
pelican,ペレット
pellet,ペレット化
pelleted,peloton
peloton,毛皮
pelt,骨盤の
pelvic,骨盤
pelvis,PEN
PEN,刑法の
penal,罰する
penalize,ペナルティ
penalty,苦行
penance,ペナン
Penang,傾向
penchant,鉛筆
pencil,係争中　
pend,ペンダント
pendant,保留中
pending,優柔不断な
pendulous,振り子
pendulum,ペネロペ
Penelope,浸透度
penetrance,浸透する
penetrate,浸透
penetration,ペンギン
penguin,ペニシリン
penicillin,半島
peninsula,半島の
peninsular,ペニス
penis,懺悔
penitence,後悔している
penitent,刑務所
penitentiary,習字
penmanship,ペン
Penn,ペナント
pennant,J.C Penney 
Penney,一文無し
penniless,ペンシルベニア州
Pennsylvania,ペニー
penny,Pennzoil
Pennzoil,ペンサコラ
Pensacola,年金
pension,年金受給者
pensioner,物思いに沈んだ
pensive,傾斜した屋根
pent,米国国防総省
Pentagon,五種競技
pentathlon,ペンテコステ派の
Pentecostal,ペントハウス
penthouse,ペンティアム
pentium,最後から2番目の
penultimate,半影
penumbra,ペオン
peon,牡丹
peony,人
people,気力
pep,コショウ
pepper,ペッパーコーン
peppercorn,ペパーミント
peppermint,ペパロニ
pepperoni,ピリッとした
peppery,元気いっぱいの
peppy,ペプシ
Pepsi,ペプシコ
Pepsico,ペプシン
pepsin,ペプチダーゼ
peptidase,ペプチド
peptide,ペプトン
peptone,あたり
per,知覚できる
perceivable,気づく
perceive,パーセント
percent,パーセンテージ
percentage,パーセンタイル値
percentile,知覚できる
perceptible,知覚
perception,明敏な
perceptive,知覚の
perceptual,パーチ
perch,浸透する
percolate,パーコレーター
percolator,パーカッション
percussion,打楽器奏者
percussionist,打楽器の
percussive,経皮的な
percutaneous,地獄
perdition,長旅
peregrination,ペレグリン
peregrine,強制的な
peremptory,多年生の
perennial,長年にわたって
perennially,ペレストロイカ
perestroika,ペレス
Perez,パーフェクト
perfect,完璧
perfection,完璧主義者
perfectionist,完璧に
perfectly,背信
perfidy,穿孔
perforation,必然的に
perforce,実行する
perform,パフォーマンス
performance,パフォーマー
performer,実行
performing,香水
perfume,香水の
perfumed,おざなりに
perfunctorily,おざなりの
perfunctory,潅流液
perfusate,perfuse
perfuse,灌流
perfused,灌流
perfusion,たぶん
perhaps,ペリ
peri,関節周囲の
periarticular,ペリクレス
Pericle,周皮細胞
pericyte,危険
peril,危険な
perilous,危険なくらい
perilously,周囲
perimeter,周産期の
perinatal,核周囲の
perinuclear,期間
period,定期的な
periodic,定期的な
periodical,定期的に
periodically,周期性
periodicity,歯周の
periodontal,巡回
peripatetic,周辺
peripheral,周辺
periphery,ペリプラズム
periplasmic,ペリスコープ
periscope,滅びる
perish,腐りやすい　
perishable,柱廊
peristyle,腹膜の
peritoneal,腹膜炎
peritonitis,欺く
perjure,偽証の
perjured,偽証
perjury,パーク
perk,パーキンス
Perkins,元気な
perky,パール
Perl,パーマ
perm,永久凍土層
permafrost,永続性
permanence,パーマネント
permanent,永久に
permanently,透過性
permeability,透過化
permeabilization,透過性
permeabilized,透過性の
permeable,浸透する
permeate,許容される
permissible,許可
permission,寛容な
permissive,寛大さ
permissiveness,許可
permit,順列
permutation,悪質な
pernicious,peroration
peroration,ペルオキシダーゼ
peroxidase,過酸化
peroxidation,過酸化物
peroxide,ペルオキシソーム
peroxisome,垂直
perpendicular,犯す
perpetrate,加害者
perpetrator,パーペチュアル
perpetual,絶え間なく
perpetually,永続させる
perpetuate,生まれついた
perpetuated,永久
perpetuity,当惑した
perplexed,困惑させる
perplexing,当惑
perplexity,ペリー
Perry,迫害する
persecute,迫害
persecution,迫害者
persecutor,ペルセポネ
Persephone,ペルセウス
Perseus,忍耐力
perseverance,辛抱する
persevere,パーシング
Pershing,ペルシア
Persia,ペルシア語
Persian,茶化し
persiflage,柿
persimmon,主張する
persist,固執
persistence,永続的な
persistent,しつこく
persistently,人
person,ペルソナ
persona,人に好かれる
personable,人物
personage,パーソナル
personal,パーソナリティ
personality,パーソナライズ
personalize,個人的に
personally,擬人
personification,化身
personified,擬人化する
personify,職員
personnel,視点
perspective,汗
perspiration,説得する
persuade,説得
persuasion,説得力のある
persuasive,説得力
persuasively,活発な
pert,関連する
pertain,該当する
pertinent,混乱させる
perturb,ろうばい
perturbation,ペルー
Peru,熟読
perusal,熟読する
peruse,ペルーの
Peruvian,広がる
pervade,広がる
pervasive,ひねくれた
perverse,強情
perversely,倒錯
perversion,つむじ曲がり
perversity,変態
pervert,変な
perverted,ペセタ
peseta,厄介な
pesky,ペソ
peso,悲観的な見方
pessimism,悲観主義者
pessimist,悲観的
pessimistic,害虫
pest,苦しめる
pester,農薬
pesticide,疫病
pestilence,すりこぎ
pestle,PET
PET,花弁
petal,ピート
Pete,ピーター
Peter,ピーターズバーグ
Petersburg,プチ
petit,小柄な
petite,請願
petition,申立人
petitioner,ペトラ
Petra,石化した
petrified,石油の
petro,石油化学製品
petrochemical,ガソリン
petrol,石油
petroleum,ペチコート
petticoat,ペティット
pettitte,ささいな
petty,かんしゃく
petulance,不機嫌な
petulant,ペチュニア
petunia,ピュー
pew,ピューター
pewter,PFAM
PFAM,フーッ
pfft,ファイザー
Pfizer,PFPP
PFPP,PG
PG,PGA
PGA,PGE
PGE,pH値
pH,ファージ
phage,食細胞
phagocyte,食作用
phagocytosis,コチョウラン
phalaenopsis,趾骨
phalanx,ファントム
phantom,ファラオ
Pharaoh,製薬
pharma,薬剤
pharmaceutical,ファルマシア
Pharmacia,薬剤師
pharmacist,薬物動態学的な
pharmacokinetic,薬理学的な
pharmacologic,薬理学的な
pharmacological,薬理学
pharmacology,薬局
pharmacy,咽頭の
pharyngeal,咽頭
pharynx,段階
phase,相の
phasic,博士号
PhD,フェニルアラニン
Phe,キジ
pheasant,表現図
phenogram,フェノール
phenol,天才
phenom,現象
phenomena,驚異的な
phenomenal,驚異的
phenomenally,現象
phenomenon,表現型
phenotype,表現型の
phenotypic,表現型
phenotypically,フェニルアラニン
phenylalanine,フェロモンの
pheromonal,フェロモン
pheromone,やれやれ
phew,φ
phi,フィル
Phil,フィラデルフィア
Philadelphia,フィランダー
philander,遊び人
philanderer,博愛の
philanthropic,慈善家
philanthropist,慈善活動
philanthropy,フィルハーモニー
philharmonic,フィリップ
Philip,フィリピン
Philippine,ペリシテ
Philistine,フィリップ
Phillip,言語学の
philological,言語学者
philologist,文献学
philology,哲学者
philosopher,哲学的
philosophic,哲学的
philosophical,哲学的に
philosophically,哲学的に思索する
philosophize,哲学
philosophy,静脈炎
phlebitis,痰
phlegm,無気力な
phlegmatic,宿根草
phlox,恐怖症
phobia,恐怖症の
phobic,フェニキア
Phoenicia,フェニキア
Phoenician,フェニックス
Phoenix,電話
phone,音素
phoneme,フォネティック
phonetic,音声学
phonetically,音声学
phonetics,音の
phonic,蓄音機
phonograph,音韻論
phonology,偽の
phony,ちぇっ！
phooey,ホスファターゼ
phosphatase,リン酸塩
phosphate,ホスファチジルコリン
phosphatidylcholine,ホスファチジルイノシトール
phosphatidylinositol,リン
phospho,ホスホリパーゼ
phospholipase,リン脂質
phospholipid,蛍光体
phosphor,ホスホイメージャー
phosphorimager,リン
phosphorus,リン酸化する
phosphorylate,リン酸化
phosphorylated,リン酸化反応
phosphorylation,フォト
photo,光化学
photochemical,コピー機
photocopier,コピー
photocopy,フォトジェニック
photogenic,写真
photograph,カメラマン
photographer,写真の
photographic,写真撮影
photography,フォトジャーナリスト
photojournalist,顕微鏡写真
photomicrograph,光子
photon,光周期
photoperiod,感光体
photoreceptor,フォトショップ
photoshop,光合成
photosynthesis,光合成の
photosynthetic,PHP
PHP,フレーズ
phrase,言葉で表現
phrased,表現
phraseology,言葉遣い
phrasing,フタル酸エステル
phthalate,系統発生の
phyletic,系統発生的な
phylogenetic,系統発生的に
phylogenetically,系統発生
phylogeny,(分類学上の)門
phylum,物理的
physical,物理的に
physically,医師
physician,物理学者
physicist,物理学
physics,人相
physiognomy,理学
physiography,生理的な
physiologic,生理的な
physiological,生理的に
physiologically,生理学者
physiologist,生理学
physiology,体格
physique,植物性エストロゲン
phytoestrogen,疫病菌
phytophthora,パイ
pi,ピアジェ
Piaget,ピアニスト
pianist,ピアノ
piano,広場
piazza,PIC
pic,パイカ
pica,機知に富む人
picador,ピカレスク
picaresque,ピカソ
Picasso,つまらない　
picayune,ピッコロ
piccolo,ピック
pick,ピッカー
picker,デモ参加者
picket,ピッキング
picking,採集物
pickings,ピクルス
pickle,漬物の
pickled,すり
pickpocket,拾う
pickup,うるさい　
picky,ピクニック
picnic,picnicker
picnicker,ピコ
pico,ピコルナウイルス
picornavirus,絵画のような
pictorial,絵
picture,絵のように美しい　
picturesque,おしっこ
piddle,ピジン
pidgin,パイ
pie,作品
piece,少しずつ
piecemeal,雑色の
pied,ピードモント
piedmont,桟橋
pier,ピアス
pierce,ピアス
pierced,ピアス
piercing,ピエール
Pierre,信心深さ
piety,PIF
PIF,piffle
piffle,豚
pig,鳩
pigeon,分類棚
pigeonhole,豚のような
piggish,子豚
piggy,ピギーバック
piggyback,子豚
piglet,顔料
pigment,色素沈着
pigmentation,色素性の
pigmented,ピグテール
pigtail,パイク
pike,けちん坊
piker,ピラスター
pilaster,杭
pile,玉突き事故
pileup,くすねる
pilfer,巡礼者
pilgrim,巡礼
pilgrimage,ピル
pill,略奪
pillage,柱
pillar,ピルボッ??クス
pillbox,さらし台
pillory,枕
pillow,枕カバー
pillowcase,パイロット
pilot,有人
piloted,ピマ族
Pima,ピメント
pimento,ポン引き
pimp,にきび
pimple,pimply
pimply,ピン
pin,ピンチ
pinch,松
pine,パイナップル
pineapple,松林
pinewood,松
piney,ピン
ping,ピンヘッド
pinhead,ピンク
pink,小指
pinkie,左がかった
pinko,耳介
pinna,頂点
pinnacle,ピノチェト
Pinochet,ピノクル
pinochle,ピンポイント
pinpoint,ピンストライプ
pinstripe,ピンストライプ
pinstriped,パイント
pint,ピンタ
pinta,ピント
pinto,ピンナップ
pinup,風車
pinwheel,パイオニア
pioneer,先駆的な
pioneering,敬虔な
pious,斑点
pip,パイプ
pipe,パイプライン
pipeline,パイパー
piper,ピペット
pipette,パイピング
piping,ピピン
pippin,ピリッと辛い　
piquant,ピケ
pique,憤慨させられる
piqued,著作権侵害
piracy,ピラニア
piranha,海賊
pirate,ピルエット
pirouette,ピサ
Pisa,ピスカタウェイ
Piscataway,魚座
Pisces,ふん！
pish,小便
piss,腹を立てて
pissed,不愉快な
pissy,ピスタチオ
pistachio,雌しべ
pistil,ピストル
pistol,ピストン
piston,エンドウ属
pisum,ピット
pit,ピタパン
pita,ピッチ
pitch,ピッチャー
pitcher,フォーク
pitchfork,ピッチング
pitching,大道商人
pitchman,落とし穴
pitfall,簡潔な
pithy,哀れな
pitiable,哀れな
pitiful,哀れな
pitifully,情け容赦のない
pitiless,ピトレ
Pitre,ピット
Pitt,わずかな収入
pittance,ピッツバーグ
Pittsburgh,下垂体
pituitary,同情
pity,ピボット
pivot,極めて重要な
pivotal,PIX
pix,ピクサー
Pixar,ピクセル
pixel,小妖精
pixie,ピクシー
pixy,ピザ
pizza,ピザ屋
pizzeria,PKA
PKA,PKC
PKC,PKF
PKF,PL
PL,プラカード
placard,なだめる
placate,場所
place,偽薬
placebo,配置
placement,胎盤
placenta,胎盤の
placental,砂鉱
placer,穏やかな
placid,配置 
placing,プラコード
placode,盗作
plagiarism,盗作者
plagiarist,剽窃する
plagiarize,盗作
plagiarized,伝染病
plague,格子縞の
plaid,平野
plain,私服
plainclothes,はっきりと
plainly,質素
plainness,原告
plaintiff,悲しげな
plaintive,ひだ
plait,プラン
plan,平面
planar,プラナリア
planaria,プラナリア
planarian,プレーン
plane,惑星
planet,プラネタリウム
planetarium,惑星の
planetary,plangent
plangent,厚板
plank,プランクトン
plankton,計画された
planned,プランナー
planner,計画
planning,プラノ市
Plano,プラント
plant,オオバコ
plantain,足の裏
plantar,プランテーション
plantation,プランター
planter,植え付け
planting,プラーク
plaque,プラズマ
plasma,プラスミド
plasmid,プラスミン
plasmin,プラスミノーゲン
plasminogen,マラリア原虫
plasmodial,マラリア原虫
plasmodium,しっくい
plaster,漆喰(しっくい)を塗った
plastered,プラスチック
plastic,可塑性
plasticity,プラスチック
plastics,プラスチド
plastid,プレート
plate,高原
plateau,めっきした
plated,血小板
platelet,プラットフォーム
platform,プラチナ
platinum,凡俗
platitude,プラトン
Plato,プラトニック
platonic,小隊
platoon,大皿
platter,カモノハシ
platypus,かっさい
plaudit,もっともらしさ
plausibility,もっともらしい　
plausible,もっともらしく
plausibly,遊ぶ
play,プラヤ
Playa,再生
playback,戦略
playbook,プレイボーイ
playboy,プレイヤー
player,ふざけた
playful,ふざけて
playfully,茶目
playfulness,遊び場
playground,劇場
playhouse,遊び
playing,プレイリスト
playlist,遊び友達
playmate,プレーオフ
playoff,ベビーサークル
playpen,遊戯室
playroom,プレイステーション
playstation,おもちゃ
plaything,プレイタイム
playtime,劇作家
playwright,広場
plaza,PLE
PLE,嘆願
plea,弁護する
plead,嘆願
pleading,楽しい　
pleasant,愉快に
pleasantly,冗談
pleasantry,お願いする
please,喜んで
pleased,楽しい　
pleasing,楽しく
pleasingly,楽しい
pleasurable,喜び
pleasure,プリーツ
pleat,プリーツの
pleated,人工レザー
pleather,国民投票
plebiscite,pled
pled,誓約
pledge,更新世
Pleistocene,豊富な
plentiful,たくさん
plenty,充満
plenum,過多
plethora,胸膜の
pleural,プレキシガラス
plexiglass,網状組織
plexus,柔軟な
pliable,しなやかな
pliant,ペンチ
pliers,窮状
plight,ポロンポロンと鳴る
plink,柱脚
plinth,PLO
PLO,とぼとぼと歩く
plod,倍数性
ploidy,plonk
plonk,.ドブン(と落ちる)
plop,プロット
plot,plotline
plotline,プロッター
plotter,plotz
plotz,プラウ
plough,農業従事者
ploughman,チドリ
plover,プラウ
plow,策略
ploy,摘む
pluck,勇気ある
plucky,プラグ
plug,梅
plum,羽
plumage,垂直
plumb,配管工
plumber,配管
plumbing,プルーム
plume,急落
plummet,プラムの
plummy,ふくよか
plump,略奪
plunder,略奪
plundered,プランジ
plunge,プランジ??ャー
plunger,plunk
plunk,複数
plural,多元論
pluralism,多数
plurality,プラス
plus,豪華な
plush,冥王星
Pluto,富豪
plutocrat,プルトニウム
plutonium,プライ
ply,プリマス
Plymouth,合板
plywood,PM
PM,PMA
PMA,PMM
PMM,ピコモル
pmol,ニューマチック
pneumatic,肺炎球菌の
pneumococcal,肺炎球菌
pneumococcus,肺細胞
pneumocyte,肺炎
pneumonia,PNG
PNG,PO
po,侵入する
poach,ポーチド
poached,密猟者
poacher,POB
POB,あばたのようになって
pocked,ポケット
pocket,手帳
pocketbook,あばた
pockmark,ポコノ
Pocono,ポッド
pod,足病医
podiatrist,表彰台
podium,有足細胞
podocyte,詩
poem,詩人
poet,詩的な
poetic,詩的な
poetical,詩的に
poetically,詩
poetry,ポゴ
pogo,大虐殺
pogrom,痛切さ
poignancy,痛烈な
poignant,ポインセチア
poinsettia,ポイント
point,ポイントキャスト
Pointcast,尖った
pointed,あからさまに
pointedly,ポインタ
pointer,無意味な
pointless,点数
points,先のとがった
pointy,ポイズ
poise,落ち着きのある
poised,毒
poison,毒殺者
poisoner,中毒
poisoning,有毒
poisonous,突く
poke,ポーカー
poker,ポー
pokey,POL
pol,ポーランド
Poland,極性の
polar,ポラリス
Polaris,極性
polarity,偏光
polarization,分極する
polarize,ポラロイド
polaroid,ポール
pole,論争
polemic,論争の
polemical,警察
police,警官
policeman,婦人警官
policewoman,ポリシー
policy,政策立案者
policymaker,ポリオ
polio,ポリッシュ
polish,洗練された
polished,ポリッシャー
polisher,研磨
polishing,丁寧
polite,丁寧に
politely,丁寧
politeness,礼儀正しさ
politesse,政治
politic,政治的
political,政治的に
politically,政治家
politician,政治化
politicize,政治活動
politicking,政治家
politico,政治
politics,政治組織
polity,ポルカ
polka,世論調査
poll,ポラック
pollack,ポラード
pollard,花粉
pollen,受粉する
pollinate,授粉
pollination,ポーリング
polling,世論調査専門家
pollster,汚染物質
pollutant,汚染する
pollute,汚染された
polluted,汚染
polluter,汚染
pollution,ポルクス
Pollux,ポロ
polo,ポルターガイスト
poltergeist,ポリ
poly,ポリアクリルアミド
polyacrylamide,ポリアデニル化
polyadenylation,ポリカーボネート
polycarbonate,多色の
polychrome,ポリクローナル
polyclonal,ポリエステル
polyester,ポリエチレン
polyethylene,一夫多妻
polygamy,ポリグロット
polyglot,ポリゴン
polygon,ポリグラフ
polygraph,博学者
polymath,ポリマー
polymer,ポリメラーゼ
polymerase,重合体の
polymeric,重合
polymerization,多形の
polymorphic,多型
polymorphism,ポリネシアの
Polynesian,多項式
polynomial,ポリープ
polyp,ポリペプチド
polypeptide,ポリフェノール
polyphenol,ポリリン酸塩
polyphosphate,倍数体
polyploid,倍数性
polyploidy,ポリプロピレン
polypropylene,多糖類
polysaccharide,多義性
polysemy,ポリソーム
polysome,ポリスチレン
polystyrene,ポリテクニック
polytechnic,ポリトピック
polytopic,多価不飽和の
polyunsaturated,ポリウレタン
polyurethane,POM
POM,ポンベ
pombe,ザクロ
pomegranate,ポモナ
Pomona,華やかさ
pomp,ポンペイ
Pompeii,尊大
pomposity,尊大な
pompous,ポンセ
ponce,ポンチョ
poncho,池
pond,熟考する
ponder,熟考
pondered,重々しい　
ponderous,トウモロコシパン
pone,ポン
pong,ポンティアック
Pontiac,教皇
pontiff,司教の
pontifical,もったいぶって話す
pontificate,ポンツーン
pontoon,ポニー
pony,ポニーテ??ール
ponytail,うんち
poo,犬
pooch,プードル
poodle,パッと消える
poof,プーさん
pooh,プール
pool,うんち
poop,貧しい　
poor,貧しい　
poorer,最貧の 
poorest,不完全に
poorly,ポップ
pop,ポップコーン
popcorn,教皇
Pope,ポプラ
poplar,父さん
poppa,ポップ
popped,ポッパー
popper,ポッピン
poppin,ケシ
poppy,たわ言
poppycock,アイスキャンデー
popsicle,民衆
populace,人気のある
popular,人気
popularity,普及
popularize,一般に
popularly,人を居住させる
populate,人口
population,人民主義
populism,ポピュリスト
populist,人口の多い　
populous,磁器
porcelain,ポーチ
porch,豚の
porcine,ヤマアラシ
porcupine,細孔
pore,鯛
porgy,豚肉
pork,ポルノの
porn,ポルノ
porno,ポルノグラファ
pornographer,ポルノの
pornographic,ポルノ
pornography,porny
porny,多孔
porous,斑岩
porphyry,ネズミイルカ
porpoise,ポリッジ
porridge,ポルシェ
Porsche,ポート
port,ポータビリティ
portability,ポータブル
portable,ポーテージ
portage,ポータル
portal,前兆となる
portend,前兆
portent,もったいぶった
portentous,ポーター
porter,ポートフォリオ
portfolio,舷窓
porthole,ポーチコ
portico,部分
portion,ポートランド
Portland,かっぷくの良い　
portly,旅行かばん
portmanteau,ポルト市
Porto,肖像画
portrait,肖像画
portraiture,描く
portray,描写
portrayal,ポルトガル
Portugal,ポルトガル語
Portuguese,ポーズ
pose,ポセイドン
Poseidon,難問
poser,気取り屋
poseur,豪華な
posh,仮定
posit,仮定した 
posited,ポジション
position,位置の
positional,位置どり
positioning,ポジティブ
positive,正に
positively,陽性
positivity,陽電子
positron,洗濯棒で洗う
poss,捜索隊
posse,所有する
possess,所持
possession,所有格
possessive,所有者
possessor,可能性
possibility,可能
possible,たぶん
possibly,ポッサム
possum,ポスト
post,郵便料金
postage,郵便
postal,はがき
postcard,ポスター
poster,後部
posterior,後世
posterity,大学院生
postgraduate,死後の
posthumous,死後に
posthumously,感染後
postinfection,投稿
posting,郵便配達
postman,消印
postmark,ポストマスター
postmaster,閉経後
postmenopausal,ポストモダンの
postmodern,ポストモダニズム
postmodernism,ポストモダニスト 
postmodernist,検視
postmortem,生後
postnatal,術後の
postoperative,分娩後の
postpartum,延期する
postpone,延期
postponement,追記
postscript,ポストシーズン
postseason,シナプス後の
postsynaptic,外傷後の
posttraumatic,公準
postulate,仮定
postulated,姿勢の
postural,姿勢
posture,見せ掛けの行動
posturing,戦後の
postwar,花束
posy,ポット
pot,飲料
potable,カリウム
potassium,ポテト
potato,太鼓腹
potbelly,効力
potency,強力な
potent,実力
potentate,ポテンシャル
potential,潜在的に
potentially,強化する
potentiate,相乗作用
potentiation,くぼみ
pothole,薬の一服
potion,ポトラッチ
potlatch,ポットラック
potluck,ポトマック川
Potomac,ポプリ
potpourri,ポットショット
potshot,鉢植え
potted,陶工
potter,陶器
pottery,おまる
potty,アメリカ合衆国の大統領
POTUS,ポーチ
pouch,湿布
poultice,家禽
poultry,襲い掛かる
pounce,急襲
pounced,ポンド
pound,ポンド
pounder,注ぐ
pour,タラ(類)
pout,ぽってりした
pouty,貧困
poverty,捕虜
POW,粉末
powder,粉末の
powdered,粉末状の
powdery,パウエル
Powell,パワー
power,モーターボート
powerboat,パワフル
powerful,強烈に
powerfully,発電所
powerhouse,無力な
powerless,パワーポイント
powerpoint,痘
pox,ポックスウイルス
poxvirus,PP
PP,PPM
ppm,PPP
PPP,PPT
PPT,PR
PR,PRA
PRA,実用的な
practicable,実用的
practical,実用性
practicality,実際に
practically,練習
practice,練習
practicing,練習
practise,練習
practised,開業医
practitioner,プラダ
Prada,現実的
pragmatic,プラグマティズム
pragmatism,現実主義者
pragmatist,プラハ
Prague,プレイリー
Prairie,称賛
praise,称賛に値する
praiseworthy,プラリーヌ
praline,乳母車
pram,闊歩
prance,いたずら
prank,いたずら者
prankster,pratfall
pratfall,おしゃべり
prattle,エビ
prawn,祈る
pray,祈った
prayed,祈り
prayer,祈る
prayerful,前
pre,説教
preach,説教
preached,説教師
preacher,説教
preaching,説教じみた
preachy,前文
preamble,予定する
prearrange,準備組立
preassembly,前癌状態
precancer,前癌状態の
precancerous,不安定な
precarious,不安定に
precariously,用心
precaution,予防の
precautionary,先行する
precede,順位
precedence,先例
precedent,教訓
precept,教師
preceptor,境内
precinct,貴重な
precious,絶壁
precipice,沈殿させる
precipitate,降水量
precipitation,急峻な
precipitous,急激に
precipitously,正確な
precise,正確に
precisely,精度
precision,臨床前の
preclinical,排除する
preclude,早熟
precocious,先入
preconceived,先入観
preconception,前提条件
precondition,前駆体
precursor,以前に遡る
predate,捕食
predation,食肉動物
predator,略奪する
predatory,前任者
predecessor,所定の
predefined,運命づける
predetermine,苦境
predicament,述語
predicate,述語
predicative,予測する
predict,予測可能性
predictability,予測可能な
predictable,予想通り
predictably,予測
prediction,予測
predictive,予測因子
predictor,偏愛
predilection,predispose
predispose,素因
predisposed,素因
predisposition,優勢
predominance,優勢な
predominant,主に
predominantly,優勢　
predominate,主に
predominately,卓越
preeminence,傑出した
preeminent,先取りする
preempt,先制
preemptive,身づくろい
preen,前から存在する
preexisting,プレハブ
prefab,序文
preface,知事
prefect,県
prefecture,好む
prefer,好ましい　
preferable,望ましくは
preferably,優先
preference,優先的な
preferential,優先的に
preferentially,望ましい　
preferred,あらかじめ示す
prefigure,接頭辞
prefix,予め形成された
preformed,前頭葉前部の
prefrontal,神経節前の
preganglionic,妊娠
pregnancy,妊娠した
pregnant,予熱
preheat,巻き付けるのに適した
prehensile,先史時代の
prehistoric,先史時代
prehistory,プレインキュベート
preincubated,前保温
preincubation,予断
prejudge,偏見
prejudice,不利益な
prejudicial,高位聖職者
prelate,予備
preliminary,前奏曲
prelude,前癌状態の
premalignant,結婚前の
premarital,時期尚早
premature,時期尚早に
prematurely,未熟児
prematurity,premed
premed,計画的
premeditated,閉経前の
premenopausal,プレミア
premier,プレミア
premiere,前提
premise,プレミアム
premium,予感
premonition,出生前の
prenatal,プレンティス
prentice,没頭
preoccupation,夢中
preoccupied,先取りする
preoccupy,術前の
preoperative,排卵前の
preovulatory,準備
prep,プリペイドの
prepaid,準備
preparation,予備的
preparatory,準備する
prepare,準備
prepared,準備
preparedness,準備
preparing,前払い
prepay,前払い
prepayment,優勢
preponderance,前置詞
preposition,不合理
preposterous,準備された
prepped,プレッピー
preppie,良家のお坊ちゃん
preppy,前編
prequel,前提条件
prerequisite,特権
prerogative,予感
presage,長老教会
presbyterian,幼稚園
preschool,未就学児
preschooler,先見
prescience,予知
prescient,処方する
prescribe,処方箋
prescription,規範的な
prescriptive,シーズン前
preseason,プレゼンス
presence,現在
present,見苦しくない
presentable,プレゼンテーション
presentation,提示
presented,プレゼンター
presenter,現在
presently,保存
preservation,防腐剤
preservative,保存する
preserve,浮き袋
preserver,議長を務める
preside,総裁
presidency,大統領
president,大統領の
presidential,プレシディオの男たち
presidio,プレスリー
Presley,並べ替え済み
presort,事前ソート
presorted,報道する
press,さし迫った
pressing,圧力
pressure,加圧された
pressured,威信
prestige,一流の
prestigious,プレスト
presto,恐らく
presumably,推測する
presume,推定される
presumed,推定
presumption,仮定の
presumptive,おこがましい　
presumptuous,presuppose
presuppose,シナプス前の
presynaptic,プレティーン
preteen,見せ掛け
pretence,装う
pretend,ふり
pretended,プリテンダー
pretender,見せ掛け
pretense,プリテンション
pretension,思い上がった
pretentious,早産児
preterm,超自然的な
preternatural,口実
pretext,前処理
pretreated,前処理
pretreatment,公判前手続き
pretrial,きれい
prettier,きれい
prettiest,かわいらしく
prettily,かわいらしさ
prettiness,かわいい　
pretty,プレッツェル
pretzel,流行する
prevail,流行
prevalence,流行している
prevalent,言葉を濁す
prevaricate,言い逃れ
prevarication,防ぐ
prevent,予防可能な
preventable,予防
preventative,予防
prevention,予防の
preventive,プレビュー
preview,前の
previous,以前に
previously,戦前の
prewar,餌食
prey,価格
price,プライスレス
priceless,PWC
PricewaterhouseCoopers,高価な
pricey,価格設定
pricing,刺す
prick,とげ
prickle,チクチクする
prickly,プライド
pride,司祭
priest,巫女
priestess,司祭職
priesthood,聖職者の
priestly,すり
prig,堅苦しい　
prim,プリマ
prima,首位
primacy,プライマル
primal,主として
primarily,プライマリー
primary,霊長類
primate,首位の
prime,プライマー
primer,プライムタイム
primetime,原生
primeval,プライミング
priming,プリミティブ
primitive,プリミティビズム
primitivism,プリモ
primo,原初の
primordial,primp
primp,サクラソウ
primrose,一次の
primus,王子
prince,王子の
princely,王女
princess,プリンストン
Princeton,プリンシパル
principal,公国
principality,主に
principally,原則
principle,原則に基づいた 
principled,プリント
print,プリンタ
printer,印刷
printing,プリントアウト
printout,プリオン
prion,前の
prior,先験的な
priori,優先順位をつける
prioritize,優先
priority,小修道院
priory,プリズム
prism,刑務所
prison,囚人
prisoner,神経質な
prissy,初期の
pristine,プライバシー
privacy,プライベート
private,プライベーター
privateer,個人的に
privately,欠乏
privation,民営化
privatization,民営化する
privatize,特権
privilege,特権を持つ
privileged,当事者
privy,グランプリ
prix,賞
prize,賛成の
pro,プロアクティブ
proactive,アポトーシス促進
proapoptotic,確率的な
probabilistic,確率
probability,ありそうな
probable,多分
probably,発端者
proband,検認
probate,保護観察
probation,見習い
probationer,査察
probe,探針調査された
probed,誠実
probity,問題
problem,問題のある
problematic,吻
proboscis,手続きの
procedural,手順
procedure,進む
proceed,手続き
proceeding,議事録
proceedings,収益
proceeds,プロセス
process,処理
processing,行列
procession,行列の
processional,プロセッサ
processor,宣言する
proclaim,宣言
proclamation,傾向
proclivity,先延ばしにする
procrastinate,怠慢
procrastination,子を産む
procreate,プロクター
Procter,プロクター
proctor,調達する
procure,調達
procured,調達
procurement,プロキオン
Procyon,突く
prod,浪費家
prodigal,並外れた
prodigious,天才
prodigy,プロドラッグ
prodrug,を作る
produce,産の
produced,プロデューサー
producer,作成
producing,製品
product,生産
production,生産性の高い　
productive,生産的に
productively,生産性
productivity,教授
prof,不敬な
profane,冒涜
profanity,公言する
profess,公言した
professed,職業
profession,プロ
professional,プロ意識
professionalism,専門的に
professionally,教授
professor,教授の
professorial,教授の職
professorship,差し出す
proffer,習熟
proficiency,熟練した
proficient,プロフィール
profile,プロフィリン
profilin,利益
profit,採算性
profitability,有益
profitable,暴利を貪る
profiteer,浪費
profligacy,放蕩な
profligate,深い　
profound,深く
profoundly,深遠
profundity,おびただしい　
profuse,やたらと
profusely,豊富
profusion,先祖
progenitor,子孫
progeny,プロゲステロン
progesterone,プロゲスチン
progestin,予後
prognosis,予後の
prognostic,予言
prognostication,プログラム
program,プログラムの
programmatic,プログラム
programme,プログラマー
programmer,プログラミング
programming,プログラム
programs,進捗
progress,進行
progression,プログレッシブ
progressive,徐々に
progressively,禁止する
prohibit,禁止
prohibition,禁止する
prohibitive,法外
prohibitively,前炎症性 
proinflammatory,プロジェクト
project,発射体
projectile,投影
projection,映写技師
projectionist,プロジェクター
projector,原核生物
prokaryote,原核生物の
prokaryotic,プロレタリア階級の
prole,プロレタリア
proletarian,プロレタリアート
proletariat,増殖
proliferate,増殖
proliferation,増殖性の
proliferative,多作の
prolific,プロリン
proline,冗漫な
prolix,プロローグ
prologue,延ばす
prolong,延長
prolongation,長引く
prolonged,プロム
prom,プロメガ
Promega,遊歩道
promenade,プロメテウス
Prometheus,隆起
prominence,目立つ
prominent,顕著に
prominently,乱交
promiscuity,無差別
promiscuous,約束
promise,約束した
promised,有望
promising,宣伝広告
promo,岬(こう)角
promontory,を促進する
promote,プロモーター
promoter,プロモーション
promotion,昇進の
promotional,プロンプト
prompt,促すこと
prompting,速やかに
promptly,広める
promulgate,公布
promulgation,プローン
prone,突起
prong,代名詞
pronoun,発音
pronounce,顕著な
pronounced,宣告
pronouncement,発音が
pronounciation,急いで
pronto,発音
pronunciation,証拠
proof,校正する
proofread,校正者
proofreader,小道具
prop,プロパガンダ
propaganda,伝道者
propagandist,伝播する
propagate,伝播
propagated,伝播
propagation,プロパン
propane,推進する
propel,推進剤
propellant,プロペラ
propeller,性向
propensity,適切な
proper,正しく
properly,プロパティ
property,予言
prophecy,予言する
prophesy,預言者
prophet,予言的な
prophetic,予防薬
prophylactic,予防
prophylaxis,慈悲深い　
propitious,提案者
proponent,割合
proportion,比例する
proportional,比例
proportionality,比例的に
proportionally,比例した
proportionate,比例して
proportionately,釣合いのとれた
proportioned,提案
proposal,提案する
propose,提案されている
proposed,提案
proposition,提出する
propound,プロプラノロール
propranolol,プロプライエタリ
proprietary,所有者
proprietor,適否
propriety,推進
propulsion,推進
propulsive,平凡な
prosaic,prosaically
prosaically,プロセニアム
proscenium,プロシュート
prosciutto,禁止する
proscribe,禁止
proscription,散文
prose,起訴する
prosecute,起訴
prosecution,検察官
prosecutor,検察
prosecutorial,改宗する
proselytize,韻律
prosody,見通し
prospect,将来の
prospective,将来に向かって
prospectively,探鉱者
prospector,見込み
prospects,目論見書
prospectus,繁栄する
prosper,繁栄
prosperity,豊かな
prosperous,プロスタグランジン
prostaglandin,前立腺
prostate,前立腺の
prostatic,プロテーゼ
prosthesis,人工装具
prosthetic,売春婦
prostitute,売春
prostitution,なぎ倒す
prostrate,衰弱
prostration,主人公
protagonist,変幻自在な
protean,プロテアーゼ
protease,プロテアソームの
proteasomal,プロテアソーム
proteasome,守る
protect,保護された
protected,保護
protecting,保護
protection,保護貿易主義
protectionism,保護主義
protectionist,保護
protective,プロテクター
protector,保護領
protectorate,弟子
protege,タンパク質
protein,プロテイナーゼ
proteinase,プロテオバクテリア
proteobacteria,プロテオグリカン
proteoglycan,タンパク質分解
proteolysis,タンパク質分解の
proteolytic,プロテオーム
proteome,プロテオミクス
proteomic,抗議
protest,プロテスタント
protestant,プロテスタンティズム
protestantism,抗議
protestation,抗議者
protester,抗議者
protestor,プロテウス
Proteus,プロトロンビン
prothrombin,プロト
proto,プロトコル
protocol,プロトフィラメント
protofilament,プロトマー
protomer,プロトン
proton,プロトタイプ
prototype,原型的な
prototypical,原生動物
protozoan,長引く
protracted,突き出す
protrude,突起
protrusion,突起
protuberance,誇りに思う
proud,晴れ
proudest,誇らしげに
proudly,証明する
prove,実績のある
proven,来歴
provenance,ことわざ
proverb,ことわざの
proverbial,提供する
provide,提供
provided,プロビデンス
providence,プロバイダー
provider,提供
providing,州
province,地方
provinces,プロビンスタウン
Provincetown,地方の
provincial,地方色
provincialism,判明
proving,プロウイルス
provirus,規定
provision,仮
provisional,条文
provisions,条件
proviso,プロボ
Provo,工作員
provocateur,挑発
provocation,挑発的
provocative,刺激する
provoke,学長
provost,船首
prow,武勇
prowess,うろつく
prowl,不審者
prowler,近位
proximal,近似
proximate,近接
proximity,プロキシー
proxy,プロザック
prozac,上品ぶる人
prude,慎重
prudence,慎重な
prudent,プルーデンシャル
prudential,手堅く
prudently,淑女ぶり
prudery,Prudie
Prudie,上品ぶった
prudish,プルーン
prune,prurience
prurience,好色な
prurient,掻痒
pruritus,プロイセンの
Prussian,てこ
pry,詮索好きな
prying,PSA
PSA,詩編
psalm,擬似
pseudo,偽
pseudogene,シュードモナス菌
pseudomonas,ペンネーム
pseudonym,pseudoobscura
pseudoobscura,仮足
pseudopod,偽足
pseudopodium,pshaw
pshaw,ψ
psi,乾癬
psoriasis,乾癬の
psoriatic,psst
psst,PST
PST,電源ユニット 
PSU,心理学
psych,プシュケ
Psyche,ハッピーな
psyched,サイケデリック
psychedelic,精神科の
psychiatric,精神科医
psychiatrist,精神医学
psychiatry,精神的な
psychic,サイコ
psycho,精神分析学
psychoanalysis,精神分析医
psychoanalyst,精神分析の
psychoanalytic,心理的な
psychological,心理的に
psychologically,心理学者
psychologist,心理学
psychology,精神病質者
psychopath,精神病の
psychopathic,精神病
psychosis,心身の
psychosomatic,サイコセラピスト
psychotherapist,心理療法
psychotherapy,精神病の
psychotic,PT
PT,PTA
PTA,PTEN
PTEN,PTHrP
PTHrP,プトレマイオス
Ptolemy,PTSD
PTSD,PU
PU,パブ
pub,思春期
puberty,恥骨の
pubic,恥骨
pubis,パブリック
public,出版
publication,パブリシスト
publicist,広報
publicity,公表する
publicize,公に
publicly,パブリッシュ
publish,出版社
publisher,出版
publishing,プッチーニ
Puccini,puce
puce,パック
Puck,しわ
pucker,プリン
pudding,水たまり
puddle,ずんぐりした
pudgy,プエブロ
Pueblo,たわいもない
puerile,プエルトリコ
Puerto,パフ
puff,フグ
puffer,フグ
pufferfish,腫れぼったい　
puffy,パグ
pug,ボクサー
pugilist,ボクシング??の
pugilistic,好戦的な
pugnacious,吐く
puke,ピュリッツァー賞
Pulitzer,引く
pull,プーラー
puller,プーリー
pulley,引く
pulling,プルマン
pullman,プルアウト
pullout,路肩に寄せて下さい
pullover,肺の
pulmonary,パルプ
pulp,説教壇
pulpit,果肉の
pulpy,翻る
pulsate,パルス
pulse,パルス状の
pulsed,粉砕する
pulverize,ピューマ
puma,拳で殴る
pummel,ポンプ
pump,黒パン
pumpernickel,カボチャ
pumpkin,しゃれ
pun,パンチ
punch,打ち抜き
punching,パンチライン
punchline,パンチの効いた
punchy,点状の
punctate,強調する
punctuate,中断
punctuated,句読点
punctuation,パンク
puncture,パンクした
punctured,評論家
pundit,punditry
punditry,専門家
pundits,鼻にツンとくる
pungent,罰する
punish,罰すべき
punishable,罰する
punishing,罰
punishment,懲罰的な
punitive,パンジャブ
Punjab,パンク
punk,パント
punt,パンター
punter,ちっぽけな
puny,子犬
pup,蛹
pupa,蛹(さなぎ)の
pupal,瞳
pupil,人形
puppet,操り人形師
puppeteer,子犬
puppy,購入
purchase,購入者
purchaser,購買
purchasing,パデュー
Purdue,純粋な
pure,純血種の
purebred,ピューレ
puree,純粋に
purely,最も純粋な
purest,煉獄
purgatory,パージ
purge,精製
purification,精製された
purified,清浄器
purifier,浄化する
purify,純粋主義者
purist,ピューリタン
Puritan,清教徒的な
puritanical,清教徒の信仰
puritanism,純度
purity,パープル
purple,紫がかった
purplish,趣旨
purport,主張
purported,うわさによれば
purportedly,目的
purpose,目的のある
purposeful,意図的に
purposefully,意図的に
purposely,目的にかなう
purposive,鳴らす
purr,財布
purse,準拠して
pursuant,追求する
pursue,追手
pursuer,追求
pursuing,追求
pursuit,賄う
purvey,御用達
purveyor,範囲
purview,膿
pus,押す
push,手押し車
pushcart,プッシャー
pusher,だまされやすい人
pushover,腕立て伏せ
pushup,強引
pushy,弱気
pusillanimous,小娘
puss,プッシー
pussy,プッシーキャット
pussycat,置く
put,推定上の
putative,推定される
putatively,プーチン
Putin,悪臭を放つ
putrid,一揆
putsch,パット
putt,パター
putter,パテ
putty,パズル
puzzle,困惑
puzzlement,不可解な
puzzling,PVC
PVC,PW
PW,ピグミー
Pygmy,パイロン
pylon,ピロリ
pylori,平壌
Pyongyang,ピラミッド
pyramid,ピラミッド形の
pyramidal,火葬
pyre,パイロコッカス
pyrococcus,花火
pyrotechnic,花火師
pyrotechnician,花火の打上げ
pyrotechnics,ピロリドン
pyrrolidone,ピルビン酸塩
pyruvate,パイソン
python,q
