s,SA
SA,サーブ
Saab,サバ州
Sabah,安息日
sabbath,長期有給休暇
sabbatical,サーベル
saber,クロテン
sable,サボタージュ
sabotage,妨害
sabotaged,サボタージュ
saboteur,サーベル
sabre,嚢
sac,サッカリン
saccharin,サッカリンの
saccharine,出芽酵母
Saccharomyces,小袋
sachet,袋
sack,解任
sacking,聖餐
sacrament,聖礼典の
sacramental,サクラメント
Sacramento,サクレ･クール教会
Sacre,神聖
sacred,犠牲
sacrifice,犠牲に
sacrificed,犠牲の
sacrificial,冒とく
sacrilege,神聖を汚す
sacrilegious,極めて神聖な
sacrosanct,悲しい
sad,サダム
Saddam,悲しませる
sadden,悲しむ
saddened,悲しい　
sadder,最も悲しい　
saddest,サドル
saddle,サディズム
sadism,サディスト
sadist,サディスティック
sadistic,悲しいことに
sadly,悲しみ
sadness,サファリ
Safari,安全な
safe,守る
safeguard,保管
safekeeping,安全に
safely,より安全な
safer,最も安全な
safest,安全性
safety,セイフウェイ
Safeway,ベニバナ
safflower,サフラン
saffron,たるみ
sag,サガ
saga,セージ
sage,ヤマヨモギ
sagebrush,垂れ下がった
saggy,射手座
Sagittarius,サハラ
Sahara,サハラ
Saharan,紳士
sahib,前記
said,サイゴン
Saigon,帆
sail,ヨット
sailboat,セーリング
sailing,船乗り
sailor,聖人
saint,聖人の位
sainthood,聖人のような
saintly,目的
sake,サハリン
Sakhalin,サラーム
salaam,売れる
salable,わいせつな
salacious,サラダ
salad,サンショウウオ
salamander,サラミ
salami,有給
salaried,給与
salary,サルコウ
salchow,販売
sale,セールス
sales,店員
salesclerk,セールスマン
salesman,セールスマンシップ
salesmanship,販売員
salespeople,販売員
salesperson,セールスウーマン
saleswoman,目立った
salient,生理食塩水
saline,塩分濃度
salinity,ソールズベリー
Salisbury,唾液
saliva,唾液の
salivary,よだれを垂らす
salivate,サーレ
salle,黄ばんだ
sallow,サリー
sally,鮭
salmon,サルモネラ
salmonella,サロン
salon,サルーン
saloon,サルサ
salsa,塩
salt,硝石
saltpeter,海水の
saltwater,塩辛い　
salty,有益な
salutary,挨拶
salutation,敬礼
salute,サルバドール
Salvador,エルサルバドル
Salvadoran,サルベージ
salvage,救い
salvation,軟膏
salve,サルビア
salvia,一斉射撃
salvo,サム
Sam,サマリア
Samaria,サマリア人
Samaritan,サンバ
samba,サンボ
sambo,同じ
same,同一性
sameness,サミー
Sammy,サモア
Samoa,サンパン
sampan,サンプル
sample,サンプラー
sampler,サンプリング
sampling,サムソン
Samson,サミュエル
Samuel,サムライ
samurai,San Francisco
San,療養所
sanatorium,サンチェス
Sanchez,神に奉納する
sanctify,仏臭い
sanctimonious,sanctimony
sanctimony,制裁
sanction,制裁
sanctions,神聖
sanctity,聖域
sanctuary,神聖な場所
sanctum,砂
sand,サンダカン
Sandakan,サンダル
sandal,白檀材
sandalwood,砂州
sandbank,サンドボックス
sandbox,サンダー
sander,睡魔
sandman,サンドペーパー
sandpaper,サンドラ
Sandra,砂岩
sandstone,砂嵐
sandstorm,サンドイッチ
sandwich,砂の
sandy,正気の
sane,楽観的な
sanguine,療養所
sanitarium,サニタリー
sanitary,衛生
sanitation,消毒する
sanitize,正気
sanity,サンスクリット語
Sanskrit,サンタ
Santa,サンティアゴ
Santiago,サンパウロ
Sao,サピエント
sapient,苗木
sapling,ザッパー
sapper,サファイア
sapphire,感傷
sappy,SAR
SAR,サラ
Sara,サラ
Sarah,サラエボ
Sarajevo,サラン
saran,サラサーテ
sarasate,サラトガ
Saratoga,サラワク州
Sarawak,皮肉
sarcasm,皮肉な
sarcastic,皮肉たっぷりに
sarcastically,肉腫
sarcoma,筋節
sarcomere,石棺
sarcophagus,イワシ
sardine,サルディニア
Sardinia,皮肉な
sardonic,皮肉を込めて
sardonically,サリー
sari,サリン
sarin,サーク島
Sark,サロン
sarong,衣服の
sartorial,サルトル
Sartre,サッシ
sash,サスカチュワン州
Saskatchewan,生意気
sass,サッサフラス
sassafras,生意気
sassy,土
Sat,サタン
Satan,悪魔のような
satanic,学生かばん
satchel,サテー
sate,衛星
satellite,満腹
satiety,サテン
satin,風刺
satire,痛烈
satiric,風刺の
satirical,風刺作家
satirist,風刺する
satirize,満足
satisfaction,満足
satisfactorily,満足のいく
satisfactory,満足
satisfied,満たす
satisfy,大麻
sativa,飽和
saturate,飽和
saturation,土曜日
Saturday,土星
Saturn,サテュロス
Satyr,ソース
sauce,鍋
saucepan,ソーサー
saucer,生意気
saucy,サウジ
Saudi,ザウアークラウト
sauerkraut,サウナ
sauna,散歩
saunter,ソーセージ
sausage,ソテー
saute,ソテー
sauteed,ソーヴィニヨン
Sauvignon,野蛮
savage,激しく攻撃
savaged,どう猛に
savagely,残忍
savagery,サバンナ
Savanna,サバンナ
Savannah,学者
savant,セーブ
save,保存された
saved,セーバー
saver,節約
saving,貯蓄
savings,救世主
savior,救世主
saviour,味わう
savor,香ばしい　
savory,味わう
savour,香ばしい　
savoury,サボイ
savoy,経験豊富な
savvy,のこぎり
saw,おがくず
sawdust,製材所
sawmill,のこぎりで切られた
sawn,ソーヤー
sawyer,サクソン
Saxon,サクソフォン
saxophone,サクスホーン奏者
saxophonist,言う
say,格言
saying,言う 
says,SB
SB,SC
SC,かさぶた
scab,ぼろぼろの
scabby,scads
scads,足場
scaffold,やけどする
scald,スケール
scale,スケーリング
scaling,春タマネギ
scallion,ホタテ貝
scallop,頭皮
scalp,外科用メス
scalpel,ダフ屋
scalper,うろこ状の
scaly,詐欺
scam,手を抜く
scamp,走る
scamper,スキャン
scan,スキャンダル
scandal,名誉を傷つける
scandalize,スキャンダラス
scandalous,スカンディナビア
Scandinavia,スカンジナビアの
Scandinavian,スキャンした
scanned,スキャナ
scanner,スキャニング
scanning,乏しい　
scant,乏しく
scantily,乏しい　
scanty,スケープゴート
scapegoat,肩甲骨
scapula,傷跡
scar,スカラベ
scarab,乏しい　
scarce,ほとんどない
scarcely,希少性
scarcity,恐怖
scare,かかし
scarecrow,怖がって
scared,スカーフ
scarf,恐ろしい　
scarier,怖い　
scariest,スカーレット
scarlet,怖い　
scary,スキャット
scat,痛烈
scathing,スカトロ
scatological,スキャッター
scatter,散在する
scattered,散布
scatterplot,scattershot
scattershot,あさる
scavenge,スカベンジャー
scavenger,SCD
SCD,シナリオ
scenario,シーン
scene,景色
scenery,風光明媚な
scenic,香り
scent,香り
scented,笏
scepter,懐疑的な見方
scepticism,SCF
SCF,シャーデンフロイデ
schadenfreude,スケジュール
schedule,予定の
scheduled,スケジューリング
scheduling,スキーマ
schema,回路図
schematic,概略的に
schematically,スキーム
scheme,策士
schemer,腹黒い　
scheming,シリング
schilling,住血吸虫症
schistosomiasis,統合失調症の
schizoid,シゾント
schizont,統合失調症
schizophrenia,統合失調症の
schizophrenic,スキゾ
Schizosaccharomyces,骨の折れる仕事
schlep,安物
schlock,過度の感傷主義
schmaltz,おしゃべり
schmooze,愚か者
schmuck,シュナップス
schnapps,学者
scholar,学術的な
scholarly,奨学金
scholarship,学校の
scholastic,学校
school,教科書
schoolbook,男子生徒
schoolboy,学童
schoolchild,小学生
schoolchildren,就学児童
schooler,女子生徒
schoolgirl,校舎
schoolhouse,学校教育
schooling,schoolmarm
schoolmarm,校長
schoolmaster,学友
schoolmate,先生
schoolteacher,学校の勉強
schoolwork,校庭
schoolyard,スクーナー
schooner,ギャグ
schtick,シューベルト
Schubert,シューマン
Schumann,シュワルツ
Schwartz,シュワルツ
Schwarz,シュワルツェネッガー
Schwarzenegger,坐骨神経痛の
sciatic,科学
science,科学的
scientific,科学的に
scientifically,科学者
scientist,サイエントロジー
scientology,放つ
scintillate,シンチレーション
scintillation,接ぎ穂
scion,はさみ
scissor,はさみ
scissors,硬化症
sclerosis,嘲る
scoff,叱る
scold,スコーン
scone,スクープ
scoop,スクート
Scoot,スクーター
scooter,スコープ
scope,スコポラミン
scopolamine,スコーチ
scorch,焦げた
scorched,スコア
score,スコアボード
scoreboard,スコアカード
scorecard,無得点の
scoreless,スコアラー
scorer,得点
scoring,軽蔑
scorn,軽蔑
scorned,軽蔑した
scornful,さげすんで
scornfully,蠍座
Scorpio,サソリ
scorpion,スコット
Scot,スコットランドの
Scotch,スコシア
Scotia,スコットランド
Scotland,スコットランド人
Scotsman,スコット
Scott,スコットランドの
Scottish,悪党
scoundrel,磨く
scour,スカージ
scourge,スカウト
scout,スカウティング
scouting,ボーイスカウトの隊長
scoutmaster,スカウ
scow,顔をしかめる
scowl,SCR
SCR,引っかく
scrabble,モジャモジャの
scraggly,スクランブル
scramble,スクラップ
scrap,スクラップブック
scrapbook,擦り傷
scrape,掻き取り
scraped,スクレーパー
scraper,スクレピー
scrapie,断片的な
scrappy,スクラッチ
scratch,チクチクする
scratchy,走り書き
scrawl,走り書き
scrawled,やせこけた
scrawny,悲鳴を上げる
scream,絶叫
screaming,小石
scree,金切り声
screech,長談義
screed,スクリーン
screen,スクリーナー
screener,スクリーニング
screening,脚本
screenplay,脚本家
screenwriter,ネジ
screw,スクリューボール
screwball,ねじ回し
screwdriver,らせん状の
screwy,落書き
scribble,筆記
scribe,つかみ合い
scrimmage,倹約する
scrimp,細工
scrimshaw,(代用)紙幣
scrip,スクリプト
script,スクリプト
scripted,聖書
scriptural,聖書
scripture,スクロール
scroll,スクルージ
scrooge,あさる
scrounge,スクラブ
scrub,ごしごしこすられた
scrubbed,スクラバー
scrubber,みすぼらしい　
scrubby,首筋
scruff,だらしない
scruffy,スクラム
scrum,すてきな
scrumptious,うずくまる
scrunch,気がとがめる
scruple,実直な
scrupulous,綿密に
scrupulously,詳しく調べる
scrutinize,精査
scrutiny,スキューバ
scuba,スカッド
scud,傷
scuff,もみ合い
scuffle,スカル
scull,彫刻する
sculpt,彫刻
sculpted,彫刻家
sculptor,彫刻の
sculptural,彫刻
sculpture,灰汁(あく)
scum,卑劣な人
scumbag,汚い　
scummy,小走り
scurry,壊血病
scurvy,断念する
scuttle,うわさ
scuttlebutt,大鎌
scythe,SD
SD,SDB
SDB,SDF
SDF,SE
SE,海
sea,海底
seabed,海鳥
seabird,沿岸地域
seaboard,海岸
seacoast,船員
seafarer,シーフード
seafood,海に面した
seafront,シーグラム
Seagram,鴎
seagull,シーホース
seahorse,鰭脚類
seal,シーム
seam,船員
seaman,シームレス
seamless,継ぎ目なく
seamlessly,裁縫師
seamstress,むさくるしい
seamy,ショーン
Sean,水上飛行機
seaplane,海港
seaport,焼く
sear,検索
search,検索可能な
searchable,サーチャー
searcher,検索
searching,サーチライト
searchlight,焼け付くような
searing,海景
seascape,貝殻
seashell,海岸
seashore,船酔い
seasick,海辺
seaside,シーズン
season,季節的
seasonal,季節性
seasonality,季節
seasonally,熟練した
seasoned,調味料
seasoning,シート
seat,シートベルト
seatbelt,座席
seating,シアトル
Seattle,海側
seaward,海水
seawater,航路
seaway,海藻
seaweed,航海に適した
seaworthy,証券取引委員会
SEC,脱退する
secede,脱退
secession,人里離れた
secluded,閑居
seclusion,2番目
second,二次的に
secondarily,二次
secondary,中古
secondhand,第二に
secondly,秒
seconds,秘密性
secrecy,秘密
secret,秘書の
secretarial,秘書室
secretariat,秘書
secretary,分泌する
secrete,分泌
secreted,分泌
secretion,秘密主義の
secretive,ひそかに
secretly,分泌腺
secretory,宗派
sect,派閥の
sectarian,セクション
section,断面
sectional,断面の
sectioned,セクター
sector,世俗的な
secular,世俗主義
secularism,確保する
secure,しっかりと
securely,セキュリティ
security,セダン
sedan,落ち着いた
sedate,鎮静状態の
sedated,鎮静状態
sedation,鎮静剤
sedative,座りがちな
sedentary,堆積物
sediment,堆積
sedimentary,沈降
sedimentation,沈降
sedimented,扇動
sedition,誘惑する
seduce,誘惑
seduced,誘惑
seduction,魅惑的な
seductive,誘惑
seductively,誘惑する女
seductress,見る
see,シード
seed,シードレス
seedless,苗
seedling,みすぼらしい　
seedy,見ること
seeing,シーク
seek,探求者
seeker,見える
seem,見えた
seemed,うわべ
seeming,一見したところ
seemingly,のようだ 
seems,見られる
seen,浸透する
seep,漏出
seepage,予言者
seer,シアサッカー
seersucker,シーソー
seesaw,沸き返る
seethe,セガ
Sega,セグメント
segment,分節
segmental,セグメンテーション
segmentation,セグメント化された
segmented,分離する
segregate,隔離された
segregated,分離
segregation,人種差別
segregationist,セグエ
segue,セーヌ川
Seine,となりのサインフェルド
Seinfeld,地震の
seismic,地震学者
seismologist,つかむ
seize,押収
seizing,発作
seizure,滅多
seldom,選ぶ
select,選択
selected,選択
selecting,選択
selection,選択的な
selective,選択的に
selectively,選択性
selectivity,セレクタ
selector,セレン
selenium,自己
self,利己的な
selfish,身勝手に
selfishly,身勝手さ
selfishness,無私無欲の
selfless,販売
sell,売り手
seller,販売
selling,selloff
selloff,売り切り
sellout,自分たち
selves,SEM
SEM,セマンティック
semantic,意味論
semantics,手旗信号
semaphore,SEMATECH
SEMATECH,外観
semblance,精液
semen,学期
semester,筋電図
SEMG,準
semi,半自動の
semiautomatic,半円
semicircle,セミコロン
semicolon,半導体
semiconductor,準決勝
semifinal,独創性に富んだ
seminal,セミナー
seminar,セミナー研究生
seminarian,神学校
seminary,記号の
semiotic,セム人
Semite,セム語
Semitic,ユダヤ主義
Semitism,SEN
SEN,上院
senate,上院議員
senator,上院の
senatorial,送信
send,差出人
sender,送信
sending,セネカ
seneca,セネガル
Senegal,老化
senescence,老人性
senile,老衰
senility,シニア
senior,年功序列
seniority,セニョール
senor,感覚
sensation,センセーショナルな
sensational,扇情主義
sensationalism,センス
sense,無分別な
senseless,感覚
senses,感性
sensibility,賢明な
sensible,目立って
sensibly,敏感
sensitive,感度
sensitivity,感作
sensitization,感作
sensitize,センサー
sensor,感覚の
sensory,官能的な
sensual,感覚論者
sensualist,官能
sensuality,官能的な
sensuous,文
sentence,量刑手続き
sentencing,感覚性
sentience,知覚
sentient,感情
sentiment,感傷的な
sentimental,感傷家
sentimentalist,感傷
sentimentality,感傷にふける
sentimentalize,センチネル
sentinel,見張り
sentry,SEO
SEO,ソウル
Seoul,9月
Sep,萼片
sepal,分離可能な
separable,別
separate,分離した
separated,別々
separately,分離
separation,分離主義
separatism,分離主義者
separatist,セパレーター
separator,セファロース
sepharose,セピア
sepia,sepoy
sepoy,敗血症
sepsis,7の
sept,9月
September,敗血症
septic,セプトゥアギンタ
Septuagint,中隔
septum,セパルカー
sepulcher,陰気な
sepulchral,セパルカー
sepulchre,配列
seq,続編
sequel,シーケンス
sequence,配列決定され
sequenced,シーケンサー
sequencer,シークエンシング
sequencing,シーケンシャル
sequential,連続して
sequentially,隔離する
sequester,仮差押え
sequestration,シークイン
sequin,セコイア
sequoia,SER
SER,セラフ
Seraph,セルビア
Serb,セルビア
Serbia,セルビア語
Serbian,セレナーデ
serenade,偶然
serendipitous,セレンディピティ
serendipity,穏やかな
serene,穏やか
serenely,静けさ
serenity,農奴
serf,サージ
serge,軍曹
sergeant,シリアル
serial,シリアルに 
serially,シリーズ
series,セリン
serine,深刻
serious,真剣に
seriously,深刻
seriousness,説教
sermon,説教する
sermonize,血清学的グループ
serogroup,血清学的
serological,血清学
serology,血清反応陰性の
seronegative,血清反応陽性の
seropositive,血清反応陽性
seropositivity,セロトニン
serotonin,血清型
serotype,血液型亜型
serovar,蛇
serpent,サーペンタイン
serpentine,セルトリ細胞
Sertoli,血清
serum,召使
servant,サーブ
serve,サーバー
server,サービス
service,役に立つ
serviceable,サービスマン
serviceman,サービス
services,卑屈な
servile,給仕をする
serving,隷属
servitude,ごま
sesame,セッション
session,セット
set,挫折
setback,セッター
setter,設定
setting,落ち着く
settle,決済
settlement,入植者
settler,沈降
settling,セットアップ
setup,7
seven,17
seventeen,第17
seventeenth,第7
seventh,70
seventy,断つ
sever,いくつかの
several,切断
severance,厳しい　
severe,厳しく
severely,重症度
severity,セビラ
Sevilla,セビリア
Seville,縫う
sew,下水
sewage,縫製
sewed,下水道
sewer,裁縫
sewing,縫い付け
sewn,セックス
sex,セクシー
sexier,セクシーな
sexiest,性差別
sexism,性差別的な
sexist,セックスレス
sexless,sexpot
sexpot,六分儀
sextant,寺男
sexton,性的
sexual,セクシュアリティー
sexuality,性的に
sexually,セクシー
sexy,セイシェル
Seychelles,SF
SF,SG
SG,しー!
sh,みすぼらしい　
shabby,小屋
shack,シャックル
shackle,シェード
shade,影付きの
shaded,サングラス
shades,シェーディング
shading,影
shadow,シャドーイング
shadowed,闇の
shadowy,いかがわしい　
shady,シャフト
shaft,シャグ
shag,シャギー
shaggy,シャー
shah,振る
shake,シェイクダウン
shakedown,淘汰
shakeout,シェーカー
shaker,シェイクスピア
Shakespeare,シェークスピアの
Shakespearean,振動
shaking,不安定な
shaky,頁岩
shale,意思
shall,エシャロット
shallot,浅い　
shallow,浅瀬
shallows,シャローム
shalom,なかれ
shalt,偽の
sham,シャーマン
shaman,よろよろ歩く
shamble,修羅場
shambles,恥
shame,恥ずかしい　
shamed,恥ずべき
shameful,恥ずかしくも
shamefully,恥知らずな
shameless,臆面もなく
shamelessly,シャンプー
shampoo,シャムロック
shamrock,上海
Shanghai,シャンク
shank,Shanshu
Shanshu,小屋
shanty,少林寺拳法
shaolin,形状
shape,整形
shaped,定形のない
shapeless,すっきり
shapely,破片
shard,シェア
share,小作人
sharecropper,シェアード
shared,株主
shareholder,共有者
sharer,株式
shares,シェアリング
sharing,鮫
shark,シャロン
Sharon,シャープ
sharp,研ぐ
sharpen,先鋭化
sharpened,シャープ
sharper,最もシャープ
sharpest,シャーピー
sharpie,鋭く
sharply,切れ味
sharpness,狙撃兵
sharpshooter,打ち砕く
shatter,粉々になった
shattered,剃る
shave,剃った
shaven,シェービング
shaving,ショール
shawl,ショーン
Shawn,彼女
she,シェイ
shea,束
sheaf,せん断
shear,シアラー
shearer,シース
sheath,シバン
shebang,小屋
shed,脱皮
shedding,光沢
sheen,ヒツジ
sheep,シープドッグ
sheepdog,羊飼い
sheepherder,恥ずかしそうな
sheepish,シープ
sheepshead,羊皮
sheepskin,切り立った
sheer,ちぇっ
sheesh,シート
sheet,シーク
Sheik,シェケル
shekel,棚
shelf,シェル
shell,貝
shellfish,シェリー
shelly,避難所
shelter,保護された
sheltered,見送る
shelve,偽り
shenanigan,シェパード
Shepard,シェパード
shepherd,シェラトン
Sheraton,シャーベット
sherbet,保安官
sheriff,シャーマン
Sherman,シェルパ
sherpa,シェリー
sherry,シェリル
Sheryl,シェトランド
Shetland,シーッ
shh,シールド
shield,シフト
shift,移動
shifting,ずるそうな
shifty,シーア派
shiite,サクラ
shill,シリング
shilling,きらめき
shimmer,揺らぎ
shimmering,シミー
shimmy,すね
shin,パーティー
shindig,輝き
shine,酔っぱらった
shined,シャイナー
shiner,シングル
shingle,輝く
shining,神道
Shinto,光沢のある
shiny,船
ship,船上
shipboard,造船会社
shipbuilder,造船
shipbuilding,シップマン
Shipman,船員仲間
shipmate,出荷
shipment,荷主
shipper,運送
shipping,難破船
shipwreck,造船所
shipyard,イングランド中部諸州
shire,逃れる
shirk,シャツ
shirt,上半身裸
shirtless,たわごと
shit,大量のもの
shitload,くだらない　
shitty,シバ神
Shiva,震え
shiver,寒気
shivers,寒い　
shivery,浅瀬
shoal,ショック
shock,ショックを受けて
shocked,ショッカー
shocker,ショッキング
shocking,ゾッとするほど
shockingly,ショディ
shoddy,靴
shoe,靴べら
shoehorn,靴紐
shoelace,靴屋
shoemaker,靴磨き
shoeshine,靴ひも
shoestring,ショファル
shofar,幕府
shogunate,追い払う
shoo,撃つ
shoot,シュートダウン
shootdown,シューター
shooter,撮影
shooting,銃撃戦
shootout,ショップ
shop,女店員
shopgirl,店主
shopkeeper,万引き
shoplifting,専門店
shoppe,買い物客
shopper,ショッピング
shopping,古臭い
shopworn,海岸
shore,海岸線
shoreline,刈った
shorn,ショート
short,不足
shortage,ショートブレッド
shortbread,サボる
shortchange,欠点
shortcoming,ショートカット
shortcut,短縮する
shorten,ショートニング
shortening,短い　
shorter,最短
shortest,不足
shortfall,速記
shorthand,まもなく
shortly,不足
shortness,ショーツ
shorts,近視眼的な
shortsighted,遊撃手
shortstop,短波
shortwave,背の低い人
shorty,ショスタコービッチ
Shostakovich,ショット
shot,ショットガン
shotgun,すべき
should,肩
shoulder,シャウト
shout,叫び
shouting,大声で叫ぶ
shoutout,押し込む
shove,シャベル
shovel,シャベルで掘られた 
shoveled,ショー
show,芸能界
showbiz,ショーボート
showboat,ショーケース
showcase,展示
showcased,対決
showdown,シャワー
shower,シャワーを浴びて
showered,ショーガール
showgirl,表示
showing,芸人
showman,ショーマンシップ
showmanship,示す
shown,展示品
showpiece,名所
showplace,ショールーム
showroom,ショータイム
showtime,派手
showy,榴散弾
shrapnel,シュレッド
shred,細断された
shredded,シュレッダー
shredder,シュリーブポート
Shreveport,トガリネズミ
shrew,抜け目のない
shrewd,ちゃっかり
shrewdly,辣腕
shrewdness,悲鳴
shriek,ざんげ
shrift,甲高い　
shrill,エビ
shrimp,神社
shrine,シュリンク
shrink,収縮
shrinkage,しぼむ
shrivel,シュラウド
shroud,低木
shrub,植え込み
shrubbery,肩をすくめる
shrug,縮んだ
shrunken,お決まりのギャグ
shtick,さや
shuck,身震い
shudder,シャッフル
shuffle,シャッフルボード
shuffleboard,シャッフリング
shuffling,避ける
shun,シャント
shunt,シッ
shush,閉じた
shut,シャットダウン
shutdown,完封
shutout,シャッター
shutter,シャトル
shuttle,シャイ
shy,恥ずかしそうに
shyly,内気
shyness,shyster
shyster,SI
SI,シブ
sib,シベリア
Siberia,シベリアの
Siberian,兄弟姉妹
sibling,SIC
SIC,四川省
Sichuan,シシリアン
Sicilian,シチリア島
Sicily,病気
sick,病気になる
sicken,病気に
sickened,吐き気を催させる
sickening,病状
sicker,シッケスト
sickest,鎌
sickle,病弱な
sickly,病気
sickness,サイド
side,サイドバー
sidebar,サイドボード
sideboard,もみ上げ
sideburns,サイドチェイン
sidechain,サイドキック
sidekick,サイドライト
sidelight,副業
sideline,親鉄剤
siderophore,余興
sideshow,避ける
sidestep,脱線
sidetracked,歩道
sidewalk,脇道
sideway,サイドワインダー
sidewinder,羽目板
siding,横に動く
sidle,シドニー
Sidney,包囲
siege,ジークフリート
Siegfried,シエナ
Siena,シエラ
sierra,シエスタ
siesta,ふるい　
sieve,ふるいにかける
sift,ため息
sigh,視力
sight,目の見える 
sighted,目撃
sighting,観光
sightseeing,観光客
sightseer,シグマ
sigma,S字状の
sigmoidal,サイン
sign,標識(の)
signage,信号
signal,シグナル伝達
signaling,署名者
signatory,署名
signature,印鑑
signet,意義
significance,重要な
significant,かなり
significantly,意味
signification,意味されているもの
signifier,意味する
signify,署名
signing,道標
signpost,案内標識
signposted,シーク
Sikh,沈黙
silence,サイレンサー
silencer,サイレント
silent,静かに
silently,シルエット
silhouette,シリカ
silica,インシリコ
silico,シリコン
silicon,シリコーン
silicone,シルク
silk,つやつやした
silken,カイコ
silkworm,絹のような
silky,敷居
sill,愚かさ
silliness,愚かな
silly,サイロ
silo,シルト
silt,銀
silver,トウゴロイワシ
silverside,銀食器
silverware,銀色
silvery,SIM
SIM,サル
simian,同様の
similar,類似
similarity,同様に
similarly,直喩
simile,SIMM
SIMM,煮る
simmer,サイモン
Simon,人を引き付ける
simpatico,作り笑い
simper,簡単
simple,単純な
simpler,最も単純な
simplest,阿呆
simpleton,単純
simplicity,簡素化
simplification,単純化する
simplify,単純化した
simplistic,単に
simply,シンプソン
Simpson,シミュレート
simulate,シミュレーションした
simulated,シミュレーション
simulation,シミュレータ
simulator,同時放送
simulcast,同時
simultaneous,同時に
simultaneously,罪
sin,シナイ半島
Sinai,シナトラ
Sinatra,から
since,誠実な
sincere,心から
sincerely,誠実
sincerity,サイン
sine,筋
sinew,筋骨たくましい　
sinewy,罪深い
sinful,歌う
sing,シンガポール
Singapore,歌手
singer,歌う
singing,シングル
single,シングル
singles,シングレット
singlet,シングルトン
singleton,単独で
singly,単数
singular,特異点
singularity,単独で
singularly,不吉な
sinister,シンク
sink,シンカー
sinker,沈没
sinking,罪人
sinner,中国の
Sino,焼結
sinter,しなやかな
sinuous,洞(ほら)
sinus,副鼻腔炎
sinusitis,正弦曲線
sinusoid,正弦曲線の
sinusoidal,一口
sip,サイフォン
siphon,サー
sir,サイアー
sire,(種付けで)子を生んだ
sired,サイレン
siren,sirenian
sirenian,シリウス
Sirius,サーロイン
sirloin,siRNA
siRNA,妹
sis,サイザル麻
sisal,弱虫
sissy,妹
sister,姉妹関係
sisterhood,シシュフォス
Sisyphus,座る
sit,シタール
sitar,シットコム
sitcom,サイト
site,シッター
sitter,座っている
sitting,その場
situ,置く
situate,位置
situated,状況
situation,状況の
situational,6
six,6ペンス
sixpence,16
sixteen,第十六
sixteenth,第6
sixth,60
sixty,相当の大きさの
sizable,サイズ
size,かなり大きい　
sizeable,シズル
sizzle,非常に暑い　
sizzling,不快な
skanky,スケート
skate,スケートボード
skateboard,スケーター
skater,スケート
skating,かせ
skein,骨格
skeletal,スケルトン
skeleton,懐疑的な
skeptic,懐疑的な
skeptical,懐疑的に
skeptically,懐疑的な見方
skepticism,スケッチ
sketch,スケッチブック
sketchbook,スケッチ
sketched,大雑把
sketchy,スキュー
skew,串
skewer,串刺し
skewered,スキー
ski,スキッド
skid,スキーを
skied,スキーヤー
skier,スキー
skiing,上手に
skilfully,スキル
skill,熟練した
skilled,フライパン
skillet,熟練した
skillful,巧みに
skillfully,スキム
skim,脱脂
skimmed,スキマー
skimmer,けちる
skimp,不十分な
skimpy,皮膚
skin,吝嗇
skinflint,皮下脂肪
skinfold,スキンヘッド
skinhead,皮を剥がれた
skinned,スキナー
skinner,スキニー
skinny,スキップ
skip,スキップ
skipped,スキッパー
skipper,スキッピー
Skippy,小競り合い
skirmish,スカート
skirt,寸劇
skit,skitter
skitter,気まぐれな
skittish,SKP
skp,スカルク
skulk,頭蓋骨
skull,スカルキャップ
skullcap,スカンク
skunk,空
sky,スカイダイビング
skydive,ヒバリ
skylark,天窓
skylight,スカイライン
skyline,急騰する
skyrocket,超高層ビル
skyscraper,スカイウォーカー
skywalker,空に向かって
skyward,スラブ
slab,たるみ
slack,弛んだ
slacked,緩む
slacken,怠け者
slacker,スラックス
slacks,スラグ
slag,slake
slake,スラローム
slalom,スラム
slam,刑務所
slammer,中傷
slander,中傷する
slanderous,スラング
slang,slangy
slangy,スラント
slant,傾斜した
slanted,スラップ
slap,ぴしゃり
slapping,どたばた
slapstick,スラッシュ
slash,スラット
slat,スレート
slate,厚く塗る
slather,虐殺
slaughter,畜殺場
slaughterhouse,奴隷
slave,よだれ
slaver,奴隷制
slavery,スラブの
Slavic,卑屈な
slavish,スロー
slaw,殺す
slay,殺害者
slayer,殺し
slaying,SLC
SLC,みすぼらしさ
sleaze,安っぽい　
sleazy,そり
sled,大ハンマー
sledgehammer,なめらかな
sleek,睡眠
sleep,枕木
sleeper,睡眠
sleeping,眠れない
sleepless,不眠
sleeplessness,外泊
sleepover,夢中歩行
sleepwalk,夢遊病者
sleepwalker,夢遊病
sleepwalking,眠い　
sleepy,みぞれ
sleet,スリーブ
sleeve,ノースリーブの
sleeveless,そり
sleigh,手品
sleight,細い　
slender,探偵
sleuth,スルー
slew,スライス
slice,スライスした
sliced,スリック
slick,スリッカー
slicker,滑らかに
slickly,スライド
slide,スライダー
slider,スライディング
sliding,わずかな
slight,侮辱
slighted,わずかな
slightest,少し
slightly,スリム
slim,スライム
slime,スリム
slimmer,ぬるぬる
slimy,スリング
sling,パチンコ
slingshot,こっそり逃げる
slink,セクシーな
slinky,スリップ
slip,スリッページ
slippage,スリッパ
slipper,滑りやすい　
slippery,手を抜いた
slipshod,スリット
slit,ずるずる滑る
slither,スライバー
sliver,ずぼらな人
slob,よだれ
slobber,スロー
sloe,重い足取りで進む
slog,スローガン
slogan,スロップ
slop,スロープ
slope,ずさんな
sloppy,塗りたくる
slosh,スロット
slot,ナマケモノ
sloth,気長な
slothful,前かがみ
slouch,スラウ
slough,スロバキア
Slovakia,スロベニア
Slovenia,遅い　
slow,速度を落とす
slowdown,もっとゆっくり
slower,最も遅い
slowest,ゆっくり
slowly,遅さ
slowness,もどかしい　
slowpoke,スラッジ
sludge,ナメクジ
slug,酔っぱらった
slugged,強打者
slugger,低迷
sluggish,水門
sluice,スラム
slum,眠り
slumber,スランプ
slump,投げ
slung,スラー
slur,啜る
slurp,不明瞭
slurred,スラリー
slurry,スラッシュ
slush,ふしだらな女
slut,ふしだらな
slutty,ずる賢い　
sly,ちゃめっ気たっぷりに
slyly,スマック
smack,叱責する
smackdown,叩かれた 
smacked,小さい　
small,より小さい
smaller,最も小さい　
smallest,小さめの
smallish,天然痘
smallpox,スモールヴィル
Smallville,お世辞たらたらの
smarmy,スマート
smart,賢く
smarter,賢い　
smartest,こぎれいに
smartly,スマッシュ
smash,破壊された
smashed,素晴らしい　
smashing,片言
smattering,塗抹
smear,塗りつけられた
smeared,スメグマチス
smegmatis,香り
smell,悪臭を放つ
smelly,製錬する
smelt,SMG
SMG,ほんの少し
smidgen,笑顔
smile,スマイリー
smiley,作り笑い
smirk,強打
smite,スミス
Smith,スミソニアン
Smithsonian,鍛冶場
smithy,殴られた
smitten,スモック
smock,スモッグ
smog,スモッグの
smoggy,煙
smoke,薫製
smoked,無煙の
smokeless,喫煙者
smoker,大煙突
smokestack,交通警官
smokey,喫煙
smoking,スモーキー
smoky,くすぶる
smolder,キス
smooch,スムーズ
smooth,滑らかな
smoother,スムージー
smoothie,スムーズに
smoothly,滑らか
smoothness,バイキング料理
smorgasbord,もみ消す
smother,くすぶる
smoulder,汚れ
smudge,独り善がりの
smug,密輸する
smuggle,密輸
smuggled,密輸業者
smuggler,密輸
smuggling,気取って
smugly,うぬぼれ
smugness,黒穂病
smut,汚れた
smutty,スナック
snack,混乱状態
snafu,思わぬ障害
snag,カタツムリ
snail,ヘビ
snake,ヘビにかまれた傷
snakebite,雷魚
snakehead,ヘビ革
snakeskin,スナップ
snap,キンギョソウ
snapdragon,鯛
snapper,癖のある
snappish,粋な
snappy,スナップショット
snapshot,スネア
snare,不機嫌な
snarky,うなり声
snarl,スナッチ
snatch,ひったくり
snatcher,おしゃれな
snazzy,スニーク
sneak,スニーカー
sneaker,卑劣な
sneaky,冷笑
sneer,冷笑
sneered,くしゃみ
sneeze,スネル
snell,Snerk
Snerk,忍び笑い
snicker,悪意に満ちた
snide,匂いを嗅ぐ
sniff,鼻をすする音
sniffle,けらけら笑う
snigger,スニップ
snip,スナイプ
snipe,スナイパー
sniper,スナイピング
sniping,スニペット
snippet,短気な
snippy,苛立ち
snit,密告者
snitch,鼻水
snivel,俗物
snob,俗物根性
snobbery,お高くとまった
snobbish,鼻持ちならない
snobby,スヌープ
snoop,スヌーピー
Snoopy,横柄な
snooty,居眠り
snooze,snope
snope,いびき
snore,スノーケル
snorkel,シュノーケル
snorkele,シュノーケリング
snorkeling,snoRNA
snoRNA,荒い鼻息
snort,鼻水
snot,薄汚い　
snotty,スナウト
snout,雪
snow,雪玉
snowball,雪だまり
snowbank,スノーボード
snowboard,雪の吹きだまり
snowdrift,雪が降った
snowed,降雪
snowfall,スノーフレーク
snowflake,雪だるま
snowman,スノーモービル
snowmobile,吹雪
snowstorm,雪に覆われた
snowy,SNP
SNP,snRNAの
snRNA,鼻であしらう
snub,snuck
snuck,スナッフ
snuff,スナッグ
snug,すり寄り
snuggle,ぴったり
snugly,そう
so,ソーク
soak,ずぶ濡れ
soaked,せっけん
soap,演説
soapbox,せっけんの
soapy,舞い上がる
soar,すすり泣き
sob,地味な
sober,ハッとするような
sobering,酔わ
soberly,節酒
sobriety,あだ名
sobriquet,南カルフォルニア
SoCal,サッカー
soccer,社交的な
sociable,ソーシャル
social,社会主義
socialism,社会主義者
socialist,社会主義的な
socialistic,社交
socialite,社会化
socialization,付き合う
socialize,社会主義化された
socialized,社会的に
socially,社会的な
societal,社会
society,社会文化的な
sociocultural,社会人口学的
sociodemographic,社会経済的な
socioeconomic,社会学的な
sociological,社会学者
sociologist,社会学
sociology,反社会的人間
sociopath,ソケット
socket,紅鮭
sockeye,ソックス
socks,ソクラテス
Socrates,ソクラテスの
Socratic,芝
sod,ソーダ
soda,ずぶぬれの
sodden,ナトリウム
sodium,ソドム
Sodom,ソドミー
sodomy,ソファ
sofa,ソフィア
Sofia,ソフト
soft,ソフトボール
softball,柔らかくする
soften,柔軟剤
softener,よりソフト
softer,気が弱い人
softie,そっと
softly,柔軟性
softness,ソフトウェア
software,人の言いなりになる人
softy,ふやけた
soggy,SOHO
SOHO,土壌
soil,大豆
soja,滞在
sojourn,sojourner
sojourner,SOL
SOL,慰め
solace,ソーラー
solar,販売
sold,はんだ
solder,兵士
soldier,唯一の
sole,破格
solecism,もっぱら
solely,厳粛な
solemn,厳粛
solemnity,厳粛に
solemnly,求める
solicit,勧誘
solicitation,事務弁護士
solicitor,良く気が付く
solicitous,solicitously
solicitously,配慮
solicitude,固体
solid,連帯
solidarity,固める
solidify,堅実性
solidity,しっかりと
solidly,独り言
soliloquy,自己中心主義
solipsism,ソリティア
solitaire,孤独な
solitary,孤独
solitude,ソロ
solo,ソリスト
soloist,ソロモン
Solomon,最高点
solstice,溶解度
solubility,可溶化
solubilized,水溶性の
soluble,溶質
solute,ソリューション
solution,解ける
solvable,溶媒和
solvation,解決する
solve,支払能力
solvency,溶剤
solvent,ソマリア
Somalia,体細胞の
somatic,地味な
somber,悲愴
sombre,ソンブレロ
sombrero,いくつかの
some,誰か
somebody,いつか
someday,何とか
somehow,誰か
someone,どこかに
someplace,宙返り
somersault,サマセット
somerset,何か
something,いつか
sometime,時々
sometimes,多少
somewhat,どこかに
somewhere,体節
somite,ソムリエ
sommelier,ソマー
sommer,傾眠
somnolence,眠い　
somnolent,息子
son,ソナー
sonar,ソナタ
sonata,歌
song,歌姫
songbird,作詞家
songwriter,ソニック
sonic,超音波処理
sonicated,超音波処理
sonication,ソネット
sonnet,坊や
sonny,ソノマ
Sonoma,ソノラ州
Sonora,鳴り響くこと
sonority,朗々
sonorous,ソンターク
sontag,ソニー
Sony,すぐに
soon,より早く
sooner,すす
soot,真実
sooth,落ち着かせる
soothe,慰め
soothed,なだめる
soothing,なだめるように
soothingly,占い師
soothsayer,すすけた
sooty,びしょぬれ
sop,ソフィア
Sophia,ソフィスティケート
sophisticate,洗練された
sophisticated,洗練
sophistication,詭弁
sophistry,2年生
sophomore,(高校･大学)2年生の
sophomoric,催眠剤
soporific,ソプラノ
soprano,吸着剤
sorbent,シャーベット
sorbet,ソーサラー
sorcerer,魔術
sorcery,浅ましい　
sordid,痛い　
sore,痛んで
sorely,痛み
soreness,ソルガム
sorghum,女子学生クラブ
sorority,栗色
sorrel,悲しみ
sorrow,悲しい　
sorrowful,悲しそうに
sorrowfully,ごめんなさい
sorry,ソート
sort,みかん
sorta,出撃
sortie,サザビーズ
Sotheby,スフレ
souffle,求められる
sought,魂
soul,魂のこもった
soulful,無情な
soulless,聞こえる
sound,サウンドバイト
soundbite,サウンディング
sounding,ぐっすりと
soundly,健全性
soundness,サウンドトラック
soundtrack,スープ
soup,酒に酔って
soupy,スーク
Souq,酸っぱい　
sour,ソース
source,ソース化
sourced,ギクシャク
soured,いつも不機嫌な人
sourpuss,南
south,サウサンプトン
Southampton,南東
southeast,南東の
southeastern,南風
southerly,サザン
southern,南部地方の人
southerner,最南端の
southernmost,南方
southward,南西
southwest,南西部の
southwestern,お土産
souvenir,ソブリン
sovereign,主権
sovereignty,ソ連
Soviet,雌豚
sow,播種
sown,SOX
SOX,大豆
soy,大豆
soybean,ソユーズ
Soyuz,SP
SP,スパ
spa,スペース
space,宇宙船
spacecraft,間隔を置いた
spaced,宇宙飛行士
spaceman,スペーサー 
spacer,宇宙船
spaceship,広々とした
spacious,スペード
spade,スパゲッティ
spaghetti,スペイン
Spain,スパム
spam,スパム業者
spammer,スパン
span,スパンデックス
spandex,スパンコール
spangled,スペイン人
Spaniard,スパニエル
spaniel,スペイン語
Spanish,たたく
spank,酔っぱらった
spanked,平手打ち
spanking,スパナ
spanner,スパー
spar,SPARC
SPARC,スペア
spare,スペアリブ
sparerib,控えめに
sparingly,スパーク
spark,輝く
sparkle,線香花火
sparkler,スパークリング
sparkling,キラキラ光る
sparkly,スパーキー
sparky,スズメ
sparrow,まばらな
sparse,まばらに
sparsely,スパルタ
Sparta,スパルタの
Spartan,けいれん
spasm,けいれん性の
spasmodic,スパッツ
spat,洪水
spate,空間的な
spatial,空間的に
spatially,小型薬さじ
spatula,スポーン
spawn,卵巣を取り去る
spay,卵巣摘出
spayed,無能　
spaz,話す
speak,スピーカー
speaker,話し中???
speaking,槍
spear,陣頭指揮を執る
spearhead,スピアマン
spearman,スペック
spec,特別な
special,専門家
specialist,専門
speciality,専門化
specialization,専門にする
specialize,専門の
specialized,特別に
specially,専門
specialty,スペシエーション
speciation,種類
species,特定
specific,具体的に
specifically,仕様
specification,特異性
specificity,仕様
specifics,特定する
specify,試料
specimen,もっともらしい　
specious,スペック
speck,スペックル
speckle,斑点の 
speckled,光景
spectacle,眼鏡
spectacles,壮大な
spectacular,見事に
spectacularly,観客
spectator,亡霊
specter,スペクター
Spector,スペクトル
spectral,亡霊
spectre,スペクトロメータ
spectrometer,分光分析
spectrometry,分光光度計
spectrophotometer,分光光度法で
spectrophotometrically,分光光度法
spectrophotometry,分光法
spectroscopy,スペクトル
spectrum,推測する
speculate,投機
speculation,投機的な
speculative,投機家
speculator,スピーチ
speech,言葉を失う
speechless,スピーチ
speechwriter,速度
speed,スピードボート
speedboat,速く
speedily,スピードメーター
speedo,スピードメーター
speedometer,スピードウェイ
speedway,クワガタソウ
speedwell,スピーディー
speedy,スペル
spell,魅了する
spellbind,魅せられた
spellbound,スペルチェック
speller,綴り
spelling,スペルト
spelt,スペンサー
Spencer,過ごす
spend,スペンダー
spender,支出
spending,浪費家
spendthrift,使用済みの
spent,精子
sperm,精子形成
spermatogenesis,精子
spermatozoon,吐き出す
spew,球
sphere,球状
spherical,括約筋
sphincter,スフィンクス
Sphinx,スパイス
spice,香辛料の効いた
spiced,スパイシー
spicy,クモ
spider,スパイダーマン
Spiderman,クモの巣
spidery,スパイダーマン
Spidey,シュピーゲル
Spiegel,熱弁
spiel,スピルバーグ
Spielberg,めかす
spiff,しゃれた
spiffy,蛇口
spigot,スパイク
spike,スパイク
spiked,フック側
spikey,スパイキー
spiky,流出
spill,こぼれること
spilling,溢出効果
spillover,余水路
spillway,こぼれた
spilt,スピン
spin,ほうれん草
spinach,脊髄の
spinal,スピンドル
spindle,細長い　
spindly,脊椎
spine,ひ弱な
spineless,スピナー
spinner,雑木林
spinney,スピニング
spinning,振り落とす
spinoff,未婚女性
spinster,とげのある
spiny,スパイラル
spiral,尖塔
spire,アルコールの
spirit,活発な
spirited,スピリチュアル
spiritual,スピリチュアリズム
spiritualism,霊性
spirituality,精神的に
spiritually,スピロヘータ
spirochete,つば(を吐く)
spit,にもかかわらず
spite,悪意のある
spiteful,スピットファイア
spitfire,スピッティング
spitting,唾
spittle,内臓の
splanchnic,スプラッシュ
splash,スプラット
splat,跳ねる
splatter,脾臓
spleen,素晴らしい　
splendid,華麗に
splendidly,splendiferous
splendiferous,素晴らしさ
splendor,素晴らしさ
splendour,脾臓の
splenic,脾細胞
splenocyte,脾腫
splenomegaly,スプライス
splice,スプライシングされた
spliced,スプライシング
splicing,スプライン
spline,スプリント
splint,破片
splinter,分裂
splintered,スプリット
split,スプリット
splits,スプリッタ
splitter,分裂
splitting,斑点
splotch,散財
splurge,SPM
SPM,台無し
spoil,損傷
spoilage,甘やかされて育った
spoiled,スポイラー
spoiler,spoilery
spoilery,戦利品
spoils,甘やかされて育った
spoilt,スポーケン
Spokane,スポークスマン
spokesman,スポークスパーソン
spokesperson,広報担当者
spokeswoman,スポンジ
sponge,スポンジボブ
spongebob,海綿状
spongiform,海綿状
spongy,スポンサー
sponsor,後援
sponsorship,自発性
spontaneity,自発
spontaneous,自発的に
spontaneously,パロディー
spoof,幽霊
spook,不気味な
spooky,スプール
spool,スプーン
spoon,spoonerism
spoonerism,スプーン一杯
spoonful,散発的な
sporadic,散発的に
sporadically,胞子
spore,スポーツ
sport,スポーツの
sporting,スポーツキャスター
sportscaster,スポーツセンター
sportscenter,スポーツマン
sportsman,スポーツマンシップ
sportsmanship,スポーツウェア
sportswear,スポーツライター
sportswriter,スポーティー
sporty,スポット
spot,非の打ちどころのない
spotless,スポットライト
spotlight,スポッティング
spotted,スポッター
spotter,むらのある
spotty,配偶者の
spousal,配偶者
spouse,注ぎ口
spout,属
spp,捻挫
sprain,捻挫
sprained,スプロール
sprawl,大の字に寝そべった
sprawled,小枝
spray,噴霧
sprayed,噴霧器
sprayer,スプレッド
spread,散布機
spreader,スプレッドシート
spreadsheet,ばか騒ぎ
spree,小枝
sprig,元気な
sprightly,春
spring,スプリングボード
springboard,スプリングフィールド
Springfield,春
springtime,弾力のある
springy,振りかける
sprinkle,スプリンクラー
sprinkler,スプリント
sprint,スプリンター
sprinter,スプライト
sprite,もやし
sprout,発芽
sprouted,トウヒ
spruce,元気な
spry,ジャガイモ
spud,スパン
spun,勇気
spunk,魅力的な
spunky,スパー
spur,私生児の
spurious,はねつける
spurn,スパート
spurt,スプートニク
sputnik,パチパチと音を立てる
sputter,スパッタリング
sputtering,痰
sputum,スパイ
spy,スパイウェア
spyware,SQ
sq,SQL
SQL,つまらないけんか
squabble,口論
squabbling,分隊
squad,戦隊
squadron,むさ苦しい　
squalid,スコール
squall,みすぼらしさ
squalor,扁平上皮
squamous,浪費
squander,平方
square,正面から
squarely,スカッシュ
squash,押しつぶされた
squashed,スクワット
squat,無断居住者
squatter,スコー
squaw,不平
squawk,キーッ
squeak,きしむ
squeaky,悲鳴
squeal,うるさい　
squeamish,スキージ
squeegee,スクイーズ
squeeze,スケルチ
squelch,爆竹
squib,squick
squick,squicked
squicked,squicky
squicky,イカ
squid,走り書き
squiggle,斜視
squint,大地主
squire,身をよじる
squirm,リス
squirrel,噴出
squirt,圧搾
squish,踏み付け
squished,フワフワ
squishy,SR
SR,SRC
SRC,SS
SS,SSC
SSC,一本鎖DNA
ssDNA,SSH
SSH,St
St,刺す
stab,突き刺すような
stabbing,安定した
stabile,安定性
stability,安定化
stabilization,安定させる
stabilize,スタビライザー
stabilizer,安定した
stable,安定
stably,スタッカート
staccato,スタック
stack,スタジアム
stadium,スタッフ
staff,スタッフ
staffer,スタッグ
stag,ステージ
stage,駅馬車
stagecoach,芝居がかった
stagey,スタグフレーション
stagflation,スタッガー
stagger,互い違いの
staggered,驚異的
staggering,ステージング
staging,よどんだ
stagnant,滞る
stagnate,停滞
stagnation,落ち着いた
staid,染色
stain,着色した
stained,染色
staining,ステンレス
stainless,階段
stair,階段
staircase,階段
stairway,階段の吹き抜け
stairwell,ステーク
stake,利害関係者
stakeholder,鍾乳石
stalactite,石筍
stalagmite,古い　
stale,こう着状態
stalemate,スターリン
Stalin,スターリングラード
Stalingrad,スターリン主義の
Stalinist,茎
stalk,ストーカー
stalker,ストーキング
stalking,露店
stall,種馬
stallion,屈強な
stalwart,雄しべ
stamen,スタンフォード
Stamford,口ごもる
stammer,スタンプ
stamp,型打ちした
stamped,殺到
stampede,スタンス
stance,止める
stanch,支柱
stanchion,立つ
stand,スタンドアロン
standalone,標準
standard,標準化
standardization,標準化する
standardize,標準化された
standardized,待機する
standby,スタンディング
standing,孤立
standoff,目立つ
standout,観点
standpoint,停止
standstill,立ち上がる
standup,スタンフォード
Stanford,スタンリー
Stanley,スタンザ
stanza,ブドウ球菌
staph,ブドウ球菌
staphylococcal,ブドウ球菌
staphylococcus,ステープル
staple,ステープラー
stapler,スター
star,右舷
starboard,スターバックス
Starbucks,でんぷん
starch,でんぷん質の
starchy,スターダム
stardom,スターダスト
stardust,凝視
stare,ヒトデ
starfish,見つめ
staring,スターク
stark,全く
starkly,スターレット
starlet,星明かり
starlight,ムクドリ
starling,スター
Starr,主演
starred,主演
starring,星明かりの
starry,宇宙船
starship,スタート
start,スターター
starter,出発
starting,驚き
startle,驚くべき
startling,驚くほどに
startlingly,起動
startup,飢餓
starvation,飢える
starve,スタッシュ
stash,静止状態
stasis,Stat
Stat,状態
state,国政
statecraft,述べた
stated,州である状態
statehood,州議会議事堂
statehouse,風格のある
stately,声明
statement,特別室
stateroom,米国
States,政治家
statesman,statesmanlike
statesmanlike,ステーツマンシップ
statesmanship,州全体にわたる
statewide,静的
static,スタチン
Statin,駅
station,定常
stationary,文房具
stationery,統計量
statistic,統計的
statistical,統計的に
statistically,統計学者
statistician,統計
statistics,統計
stats,彫像術
statuary,彫像
statue,彫像のような
statuesque,小像
statuette,身長
stature,状態
status,法律
statute,法定の
statutory,忠実な
staunch,断固として
staunchly,穴を開ける
stave,滞在
stay,滞在
staying,ステー
stays,STD
STD,代わり
stead,不動の
steadfast,断固として
steadfastly,着実に
steadily,安定した
steady,ステーキ
steak,ステーキハウス
steakhouse,盗む
steal,ステルス
stealth,こっそり
stealthily,内密の
stealthy,スチーム
steam,蒸気船
steamboat,スチーマー
steamer,強圧
steamroller,汽船
steamship,高温多湿の
steamy,スティード
steed,スチール
steel,スティール
Steele,スティーラーズ
Steelers,製鋼工
steelworker,冷酷な
steely,急な
steep,染み込ん
steeped,急勾配
steeper,最も急な
steepest,尖塔
steeple,障害物競走
steeplechase,急に
steeply,舵を取る
steer,ステアリング
steering,スタイガー
Steiger,ジョッキ
stein,恒星の
stellar,星形の
stellate,ステム
stem,悪臭
stench,ステンシル
stencil,速記者
stenographer,ステント
stent,大声の
stentorian,ステップ
step,義兄弟
stepbrother,継子
stepchild,継娘
stepdaughter,継父
stepfather,スティーブン
Stephen,継母 
stepmom,継母
stepmother,ステップ
Steppe,ステッピング
stepping,踏み石
steppingstone,継息子
stepson,段階的な
stepwise,ステレオ
stereo,ステレオタイプ
stereotype,定型
stereotyped,ありふれた
stereotypical,立体
steric,無菌の
sterile,不妊
sterility,不妊手術
sterilization,殺菌する
sterilize,スターリング
sterling,船尾
stern,厳しく
sternly,厳しさ
sternness,胸骨
sternum,ステロイド
steroid,ステロイド産の
steroidogenic,ステロール
Sterol,聴診器
stethoscope,ステットソン
stetson,スティーブ
Steve,港湾作業員
stevedore,スティーブン
Steven,スティーブンソン
Stevenson,シチュー
stew,スチュワード
steward,スチュワーデス
stewardess,管理
stewardship,スチュアート
Stewart,棒
stick,ステッカー
sticker,粘着
sticking,こだわる人
stickler,スティッキー
sticky,堅い　
stiff,固められた
stiffed,こわばる
stiffen,硬め
stiffer,堅苦しく
stiffly,剛性
stiffness,抑える
stifle,窒息
stifled,汚名
stigma,汚名を着せる
stigmatize,汚名を着せ
stigmatized,踏み段
stile,小剣
stiletto,まだ
still,静けさ
stillness,竹馬
stilt,堅苦しい　
stilted,覚醒剤
stimulant,刺激する
stimulate,刺激
stimulation,刺激
stimulator,刺激
stimulatory,刺激
stimulus,刺す
sting,スティンガー
stinger,痛烈
stinging,アカエイ
stingray,けちな
stingy,悪臭
stink,臭い
stinky,出し惜しみ
stint,茎
stipe,奨学金
stipend,規定する
stipulate,規定
stipulation,かき混ぜる
stir,攪拌
stirring,あぶみ
stirrup,ステッチ
stitch,オコジョ
stoat,確率論的な
stochastic,株式
stock,防御柵
stockade,株式仲買人
stockbroker,株主
stockholder,ストックホルム
Stockholm,ストッキング
stocking,ストックマン
stockman,備蓄
stockpile,ずんぐりした
stocky,退屈な
stodgy,ストイック
stoic,感情を表に出さない
stoical,化学量論
stoichiometry,禁欲主義
Stoicism,ストーク
stoke,機関員
stoker,鈍い　
stolid,胃
stomach,踏みつける
stomp,石
stone,石工
stonemason,石垣の
stonewall,石細工
stonework,石の多い　
stony,立っていた
stood,ぼけ役
stooge,スツール
stool,猫背
stoop,停止
stop,一時しのぎの
stopgap,ストップライト
stoplight,途中降機
stopover,杜絶
stoppage,ストッパー
stopper,停止
stopping,ストップウォッチ
stopwatch,ストレージ
storage,店
store,店先
storefront,倉庫
storehouse,店主
storekeeper,物置
storeroom,階
storey,物語で名高い　
storied,コウノトリ
stork,嵐
storm,嵐の
stormy,ストーリー
story,ストーリーブック
storybook,ストーリー展開
storyline,.物語作家
storyteller,ストーリーテリング
storytelling,スタウト
stout,ストーブ
stove,ストーブ??の煙突
stovepipe,ストウ
stow,密航者
stowaway,STP
STP,ストラドル
straddle,機銃掃射
strafe,散在
straggle,敗残兵
straggler,散在した
straggly,まっすぐ
straight,整える
straighten,まっすぐに
straightened,簡単な
straightforward,素直に
straightforwardly,緊張させる
strain,ストレーナー
strainer,海峡
strait,拘束
straitjacket,ストランド
strand,座礁させる
stranded,奇妙な
strange,妙に
strangely,ストレンジネス
strangeness,見知らぬ人
stranger,奇妙な
strangest,絞める
strangle,締め付け
stranglehold,絞殺
strangulation,ストラップ
strap,ストラップレス
strapless,ストラスブール
Strasbourg,計略
stratagem,ストラタジーン
Stratagene,戦略的
strategic,戦略
strategically,戦略家
strategist,戦略
strategy,成層
stratification,層状
stratified,階層化する
stratify,成層圏
stratosphere,地層
stratum,シュトラウス
Strauss,ストラビンスキー
Stravinsky,ストロー
straw,イチゴ
strawberry,ストレイ
stray,迷い
strayed,ストリーク
streak,ストリーム
stream,ストリーマー
streamer,スリム化
streamline,合理化された
streamlined,合理化
streamlining,ストリート
street,路面電車
streetcar,街灯
streetlight,世慣れた
streetwise,力
strength,強化する
strengthen,強化
strengthening,激しい　
strenuous,精力的に
strenuously,連鎖球菌
strep,連鎖球菌
streptococcus,ストレプトマイシン
streptomycin,ストレス
stress,ストレスの多い　
stressful,ストレッサー
stressor,ストレッチ
stretch,ストレッチャー
stretcher,伸縮性のある
stretchy,ばらまく
strew,線条体
striatal,線状の
striated,線条体
striatum,襲われた
stricken,厳しい　
strict,厳格な
stricter,最も厳しい　
strictest,厳密に
strictly,狭窄
stricture,ストライド
stride,耳障りな
strident,争い
strife,ストライキ
strike,三振
strikeout,ストライカー
striker,印象的な
striking,際立って
strikingly,文字列
string,厳しい　
stringent,ストリンガー
stringer,糸を引く
stringy,細長い一片
strip,ストライプ
stripe,縞模様の
striped,ストリッパー
stripper,ストリップショー
striptease,努力する
strive,ストロボ
strobe,ストローク
stroke,散歩
stroll,ぶらぶらする
strolled,ベビーカー
stroller,ストレム
Strom,ストロマ
stroma,間質
stromal,強い　
strong,強い
stronger,最強
strongest,拠点
stronghold,強く
strongly,有力
strongman,構造上の
structural,構造的に
structurally,構造
structure,構造化された
structured,シュトルーデル
strudel,闘争
struggle,掻き鳴らす
strum,神経質
strung,ストラット
strut,スチュアート
Stuart,切り株
stub,切株
stubble,頑固な
stubborn,頑固に
stubbornly,頑固
stubbornness,ずんぐりした
stubby,スタッコ
stucco,スタック
stuck,スタッド
stud,生徒
student,研究
studies,スタジオ
studio,学問に励む
studious,わざと
studiously,研究する
study,勉強
studying,スタッフ
stuff,息苦しい　
stuffy,台なしにする
stultify,つまずく
stumble,切り株
stump,困惑
stumped,気絶させる
stun,大きな衝撃を与えるもの
stunner,素晴らしい　
stunning,驚くほど
stunningly,スタント
stunt,仏舎利塔
stupa,ぼうっとさせる
stupefy,途方もない
stupendous,愚か
stupid,愚かな
stupidest,愚かさ
stupidity,愚かに
stupidly,昏迷
stupor,頑丈な
sturdy,チョウザメ
sturgeon,スタッター
stutter,STX
STX,麦粒腫
sty,スタイル
style,スタイルブック
stylebook,スタイリング
styling,スタイリッシュ
stylish,スタイリスト
stylist,文体の
stylistic,文体的に
stylistically,定型化された
stylized,スタイラス
stylus,邪魔する
stymie,スタイロフォーム
styrofoam,勧告
suasion,上品さ
suave,サブ
sub,スバル
subaru,原子を構成する
subatomic,被膜下の
subcapsular,下位範疇
subcategory,細胞内の
subcellular,subclade
subclade,サブクラス
subclass,サブクローン
subclone,サブクローニング
subcloned,小委員会
subcommittee,subcomplex
subcomplex,潜在意識
subconscious,無意識のうちに
subconsciously,亜大陸
subcontinent,下請け
subcontract,下請業者
subcontractor,サブカルチャー
subculture,皮下
subcutaneous,皮下に
subcutaneously,再分割する
subdivide,細分化
subdivided,再分割
subdivision,サブドメイン
subdomain,征服する
subdue,落ち着いた
subdued,亜科
subfamily,部分体
subfield,部分グラフ
subgraph,亜群
subgroup,小見出し
subhead,主題
subject,服従
subjection,主観的
subjective,主観性
subjectivity,意のままに操る
subjugate,征服
subjugation,仮定法の
subjunctive,また貸し
sublet,致死下の
sublethal,昇華させる
sublimate,昇華
sublimation,崇高な
sublime,崇高
sublimely,意識下の
subliminal,崇高
sublimity,潜水艦
submarine,潜水艦乗組員
submariner,水没
submerge,水没
submerged,潜水艇
submersible,提出
submission,従順な
submissive,提出する
submit,提出
submitted,非正規の
subnormal,次善の
suboptimal,下位
subordinate,suborn
suborn,サブパラグラフ
subparagraph,下位区分
subpart,わき筋
subplot,召喚状
subpoena,亜集団
subpopulation,下位尺度
subscale,購読する
subscribe,加入者
subscriber,添字
subscript,サブスクリプション
subscription,小区分
subsection,部分列
subsequence,続く
subsequent,その後
subsequently,従属
subservience,卑屈な
subservient,サブセット
subset,静まる
subside,子会社
subsidiary,援助する
subsidize,補助金
subsidy,生存する
subsist,生存
subsistence,部分空間
subspace,物質
substance,サブスタンダード
substandard,かなりの
substantial,実質的
substantially,立証する
substantiate,実証
substantiated,実質的な
substantive,代替
substitute,置換
substitution,基板
substrate,基層
substratum,包含する
subsume,サブシステム
subsystem,口実
subterfuge,地下の
subterranean,言外の意味
subtext,枯草菌
subtilis,スブチリシン
subtilisin,サブタイトル
subtitle,サブタイトル
subtitles,微妙
subtle,微妙な
subtler,微妙
subtlety,微妙に
subtly,引く
subtract,引き算
subtraction,負の
subtractive,サブツリー
subtree,subtribe
subtribe,亜熱帯の
subtropical,サブタイプ
subtype,サブユニット
subunit,郊外
suburb,郊外の
suburban,suburbanite
suburbanite,郊外
suburbia,郊外
suburbs,転覆
subversion,破壊する
subversive,覆す
subvert,地下鉄
subway,成功する
succeed,成功
success,成功した
successful,うまく
successfully,連続
succession,相次ぐ
successive,逐次
successively,後継者
successor,コハク酸塩
succinate,簡潔な
succinct,簡潔に
succinctly,救助
succor,サキュバス
succubus,ジューシーな
succulent,負ける
succumb,そのような
such,そのようなもの
suchlike,吸う
suck,吸い込まれた
sucked,吸盤
sucker,乳を飲む
suckle,授乳
suckling,嫌な
sucky,スクロース
sucrose,吸引
suction,スーダン
Sudan,スーダン人
Sudanese,突然
sudden,突然
suddenly,突然
suddenness,起訴する
sue,スエード
suede,スエット
suet,スエズ
Suez,苦しむ
suffer,苦しんでいる人
sufferer,苦しみ
suffering,十分　
suffice,充足
sufficiency,十分な
sufficient,十分に
sufficiently,サフィックス
suffix,窒息させる
suffocate,サフォーク
Suffolk,参政権
suffrage,いっぱいにする
suffuse,満ち
suffused,スーフィ教徒
Sufi,シュガー
sugar,サトウキビ
sugarcane,甘い　
sugary,提案する
suggest,示唆
suggested,提案
suggestion,挑発的
suggestive,スハルト
Suharto,隋
Sui,自殺の
suicidal,自殺
suicide,スイス
Suisse,適す
suit,適合
suitability,適切な
suitable,適切に
suitably,スーツケース
suitcase,スイート
suite,求婚者
suitor,硫酸塩
sulfate,硫化物
sulfide,スルホ
sulfo,スルホン酸塩
sulfonate,スルホニル尿素
sulfonylurea,スルホキシド
Sulfoxide,硫黄
sulfur,イオウの
sulfuric,不機嫌
sulk,不機嫌な
sulky,不機嫌な
sullen,サリバン
Sullivan,サリー
sully,硫黄
sulphur,スルタン
sultan,サルタン
sultanate,蒸し暑い　
sultry,合計
sum,ウルシ
sumac,スマトラ島
Sumatra,シュメール
Sumer,シュメール語
Sumerian,住友
Sumitomo,即座に
summarily,まとめる
summarize,サマリー
summary,総和
summation,夏
summer,サマーハウス
summerhouse,サマータイム
summertime,夏らしい　
summery,サミット
summit,召喚
summon,召喚状
summons,相撲
sumo,豪華な
sumptuous,太陽
Sun,日光浴
sunbathe,太陽光線
sunbeam,日焼け止めクリーム
sunblock,日焼け
sunburn,日焼け
sunburned,サンデー
sundae,日曜日
Sunday,日時計
sundial,日没
sundown,諸
sundry,マンボウ
sunfish,ヒマワリ
sunflower,サングラス
sunglass,沈んだ
sunken,日光
sunlight,太陽に照らされた
sunlit,晴れた
sunny,サニーデール
Sunnydale,サニーベール
Sunnyvale,日の出
sunrise,日焼け止め剤
sunscreen,日没
sunset,太陽の光
sunshine,日焼け
suntan,少しずつ口に入れる
sup,スーパー
super,素晴らしい　
superb,見事に
superbly,過給された
supercharged,傲慢な
supercilious,超らせん
supercoil,スーパーコンピュータ
supercomputer,超自我
superego,上科
superfamily,表面的な
superficial,表面的に
superficially,余分な
superfluous,スーパーファンド
superfund,スーパーヒーロー
superhero,高速道路
superhighway,超人的な
superhuman,スーパーインポーズ
superimpose,重感染
superinfected,重複感染
superinfection,監督
superintendent,優れた
superior,優位性
superiority,最上級
superlative,スーパーマン
superman,スーパーマーケット
supermarket,スーパーモデル
supermodel,上澄み
supernatant,超自然の
supernatural,超新星
supernova,定員外の
supernumerary,スーパーオキシド
superoxide,重ね合わせ
superposition,超大国
superpower,上付き文字
superscript,取って代わる
supersede,超音速
supersonic,スーパースター
superstar,迷信
superstition,迷信の
superstitious,スーパーストア
superstore,上部構造
superstructure,監督する
supervise,監督
supervised,監督
supervision,スーパーバイザー
supervisor,監督の
supervisory,あお向けになった
supine,夕食
supper,取って代わる
supplant,取って代わられた 
supplanted,しなやかな
supple,サプリメント
supplement,補足
supplemental,補助的な
supplementary,補充
supplementation,補った
supplemented,嘆願者
supplicant,サプライヤー
supplier,用品
supplies,供給
supply,サポート
support,サポーター
supporter,支持する
supportive,仮定する
suppose,想定
supposed,たぶん
supposedly,仮定
supposition,座薬
suppository,抑える
suppress,抑制
suppression,抑制
suppressive,抑制器
suppressor,上記に
supra,至上主義者
supremacist,至上
supremacy,最高
supreme,最高に
supremely,シュール
sur,サーチャージ
surcharge,確かに
sure,確実な
surefire,確かに
surely,最も確実な
surest,保証人
surety,サーフ
surf,表面
surface,界面活性剤
surfactant,サーフボード
surfboard,過剰
surfeit,サーファー
surfer,サーフィン
surfing,サージ
surge,外科医
surgeon,手術
surgery,外科的な
surgical,外科的に
surgically,スリナム
Surinam,無愛想な
surly,推量する
surmise,推測
surmised,乗り越える
surmount,克服
surmounted,姓
surname,上回る
surpass,黒字
surplus,驚き
surprise,驚いた
surprised,驚くべき
surprising,驚くほど
surprisingly,非現実的な
surreal,シュールレアリズム
surrealism,超現実主義者
surrealist,降伏
surrender,秘密の
surreptitious,こっそり
surreptitiously,サリー
Surrey,サロゲート
surrogate,サラウンド
surround,周囲の
surrounding,周囲
surroundings,サーベイランス
surveillance,調査
survey,検査官
surveyor,存続可能な
survivable,生存
survival,生き残る
survive,生存者
survivor,SUS
SUS,スーザン
Susan,敏感
susceptibility,影響を受けやすい　
susceptible,寿司
sushi,容疑者
suspect,サスペンド
suspend,サスペンダー
suspenders,サスペンス
suspense,サスペンスに満ちた
suspenseful,サスペンション
suspension,疑い
suspicion,疑わしい　
suspicious,疑い深く
suspiciously,疑い
suss,サセックス
Sussex,サステイン
sustain,持続可能性
sustainability,持続可能な
sustainable,持続した
sustained,栄養
sustenance,経典
sutra,縫合糸
suture,スザンヌ
Suzanne,蘇州
Suzhou,スズキ
Suzuki,しなやかな
svelte,綿棒
swab,押さえつける
swaddle,みやげ品
swag,自慢
swagger,スウェイン
swain,飲み込む
swallow,沼
swamp,沼沢地
swampland,沼地の
swampy,白鳥
swan,しゃれた
swank,しゃれた
swanky,スワップ
swap,草地
sward,群れ
swarm,群がった
swarmed,かぎ十字
swastika,ぴしゃりと打つ
swat,材料見本
swatch,スワース
swath,包帯
swathe,スウェイ
sway,スワジランド
Swaziland,誓う
swear,宣誓
swearing,下品な言葉
swearword,汗
sweat,セーター
sweater,発汗
sweating,スウェットシャツ
sweatshirt,搾取
sweatshop,汗まみれの
sweaty,スウェーデン人
Swede,スウェーデン
Sweden,スウェーデン語
Swedish,スウィーニー
Sweeney,スイープ
sweep,スイーパー
sweeper,掃除
sweeping,宝くじ
sweepstakes,甘い
sweet,甘くする
sweeten,甘味料
sweetener,甘い　
sweeter,甘い　
sweetest,恋人
sweetheart,甘いもの
sweetie,甘く
sweetly,甘さ
sweetness,うねり
swell,腫れ
swelling,暑さにまいる
swelter,スウェプト
swept,それる
swerve,スイフト
swift,迅速に
swiftly,迅速性
swiftness,ガブガブ飲む
swig,がぶ飲み
swill,スイム
swim,スイマー
swimmer,水泳
swimming,水着
swimsuit,詐欺
swindle,詐欺師
swindler,豚
swine,スイング
swing,スインガー
swinger,スイング
swinging,スワイプ
swipe,スワール
swirl,スウィッシュ
swish,スイス
Swiss,スイッチ
switch,配電盤
switchboard,切り替え
switching,スイス
Switzerland,スイベル
swivel,膨張した
swollen,気絶
swoon,急襲
swoop,スウッシュ
swoosh,剣
sword,メカジキ
swordfish,快楽的な
sybaritic,プラタナス
sycamore,ごまをする
sycophant,シドニー
Sydney,SYK
Syk,音節
syllable,シラバス
syllabus,三段論法
syllogism,シルヴァン
sylvan,シルベスター
Sylvester,共生生物
symbiont,共生
symbiosis,共生の
symbiotic,シンボル
symbol,シンボリック
symbolic,象徴的に
symbolically,シンボリズム
symbolism,象徴の
symbolist,象徴する
symbolize,対称な
symmetric,対称の
symmetrical,対称性
symmetry,交感神経
sympathetic,同情して
sympathetically,同情する
sympathise,同情する
sympathize,同情
sympathized,同調者
sympathizer,同情
sympathy,同所性の
sympatric,交響曲の
symphonic,交響曲
symphony,シンポジウム
symposium,症状
symptom,症状を示す
symptomatic,シナゴーグ
Synagogue,シナプス
synapse,シナプスの
synaptic,同期する
sync,同期
synchronization,同期する
synchronize,シンクロナス
synchronous,同調性
synchrony,合胞体
syncytial,合胞体
syncytium,シンジケート
syndicate,シンジケーション
syndication,症候群
syndrome,症候群の
syndromic,あれから
syne,提喩
synecdoche,相乗的な
synergistic,相乗的に
synergistically,相乗作用を与える
synergize,相乗効果
synergy,同義語
synonym,同義の
synonymous,概要
synopsis,滑液の
synovial,滑膜炎
synovitis,滑膜
synovium,構文
syntax,シンテニーの
Syntenic,シンテニー
synteny,シンターゼ
synthase,合成
synthesis,合成する
synthesize,合成された
synthesized,シンセサイザー
synthesizer,合成酵素
synthetase,合成
synthetic,梅毒
syphilis,梅毒の
syphilitic,シラキュース
Syracuse,シリア
Syria,シリアの
Syrian,注射器
syringe,シロップ
syrup,システム
system,系統的
systematic,体系的に
systematically,全身の
systemic,全身的に
systemically,シストリック
systolic,t
